월,도로,0:00,1:00,2:00,3:00,4:00,5:00,6:00,7:00,8:00,9:00,10:00,11:00,12:00,13:00,14:00,15:00,16:00,17:00,18:00,19:00,20:00,21:00,22:00,23:00,총교통량
2024년 01월,가장로,448,335,261,216,293,554,"1,075","1,519","1,961","1,887","1,912","1,848","1,721","1,886","1,917","2,022","2,102","2,199","2,041","1,642","1,377","1,181",929,640,31966
2024년 01월,가정로,210,165,114,102,123,249,559,"1,372","2,407","2,017","1,277","1,548","1,526","1,436","1,297","1,403","1,738","2,371","2,120","1,219",836,632,427,251,25399
2024년 01월,계룡로,834,615,462,367,417,741,"1,449","2,378","3,079","2,984","3,053","3,100","2,965","3,146","3,292","3,301","3,357","3,573","3,429","2,708","2,332","2,085","1,638","1,115",52420
2024년 01월,계백로,820,591,395,323,372,755,"1,501","2,281","2,907","2,922","3,000","3,166","2,952","3,190","3,151","3,256","3,325","3,498","3,389","2,686","2,205","1,963","1,537","1,120",51305
2024년 01월,계족로,450,295,224,242,360,653,"1,182","1,723","2,011","1,798","1,845","1,835","1,885","1,918","1,985","1,997","2,069","2,110","1,978","1,479","1,252","1,106",934,604,31935
2024년 01월,구봉로,121,108,94,93,100,135,210,384,618,504,519,529,532,540,558,586,639,683,740,453,332,274,203,145,9100
2024년 01월,노은길,178,137,109,98,101,131,233,611,924,825,759,817,866,899,906,941,"1,019","1,210","1,259",826,604,522,406,250,14631
2024년 01월,노은로,188,141,103,96,135,315,683,"1,690","2,188","1,794","1,356","1,329","1,378","1,502","1,487","1,591","1,915","2,299","2,318","1,372",979,747,496,269,26371
2024년 01월,대전로,435,258,214,218,262,531,943,"1,348","1,534","1,545","1,619","1,609","1,559","1,682","1,728","1,730","1,760","1,723","1,622","1,295","1,161","1,057",863,652,27348
2024년 01월,대종로,360,259,203,194,214,452,707,"1,027","1,441","1,356","1,412","1,447","1,430","1,543","1,645","1,604","1,653","1,754","1,701","1,124",956,823,653,479,24437
2024년 01월,대청길,76,62,54,53,62,88,189,392,466,440,502,583,653,712,740,724,712,678,581,368,295,236,169,108,8943
2024년 01월,동서로,640,472,376,333,407,808,"1,516","2,240","2,797","2,616","2,769","2,780","2,787","2,877","2,909","2,869","2,967","3,019","2,992","2,356","2,019","1,729","1,329",914,46521
2024년 01월,문지로,80,65,55,56,60,126,280,812,"1,093",695,438,495,506,505,471,537,682,902,809,447,288,223,158,99,9882
2024년 01월,문화로,155,115,90,80,119,238,448,764,"1,000",897,926,935,947,948,"1,019","1,029","1,142","1,147","1,068",693,514,460,330,217,15281
2024년 01월,배재로,390,291,235,184,241,440,735,"1,102","1,305","1,251","1,216","1,215","1,221","1,306","1,309","1,354","1,454","1,559","1,454","1,154","1,006",909,722,504,22557
2024년 01월,벌곡길,74,72,62,70,75,117,202,445,512,448,523,545,515,560,609,604,591,586,522,242,189,166,134,84,7947
2024년 01월,보문로,237,178,145,137,188,329,644,877,"1,006","1,045","1,066","1,093","1,109","1,113","1,120","1,086","1,116","1,087","1,125",793,693,616,480,340,17623
2024년 01월,옥천길,108,87,82,85,92,163,336,747,932,820,847,914,904,"1,013","1,064","1,120","1,135","1,184","1,075",573,447,318,224,138,14408
2024년 01월,우암로,178,131,102,94,139,267,429,761,"1,021",806,810,837,865,895,891,924,"1,017","1,150","1,130",738,582,498,400,269,14934
2024년 01월,자양로,400,311,228,206,227,382,653,939,"1,267","1,221","1,251","1,340","1,367","1,420","1,342","1,392","1,447","1,536","1,455","1,177",984,850,660,515,22570
2024년 01월,충무로,272,205,163,148,198,366,675,"1,001","1,461","1,365","1,386","1,515","1,514","1,562","1,639","1,597","1,592","1,649","1,620","1,024",836,667,485,339,23279
2024년 01월,가오동길,122,81,62,67,96,194,319,519,714,644,641,630,666,734,747,783,812,891,786,461,371,319,219,160,11038
2024년 01월,대덕대로,553,381,293,288,345,678,"1,308","2,308","2,871","2,686","2,443","2,561","2,476","2,621","2,697","2,824","3,065","3,428","3,259","2,404","1,937","1,561","1,208",753,44948
2024년 01월,도안대로,624,526,328,280,327,424,840,"1,483","1,756","1,683","1,463","1,380","1,285","1,328","1,345","1,495","1,545","1,849","2,328","1,846","1,556","1,400","1,116",787,28994
2024년 01월,도안동로,511,361,276,234,303,551,"1,145","1,954","2,413","2,352","2,065","1,991","1,978","2,090","2,139","2,277","2,355","2,471","2,332","1,745","1,445","1,292",985,663,35928
2024년 01월,도안중로,184,147,119,109,137,180,430,859,"1,253","1,126","1,088","1,138","1,098","1,146","1,207","1,246","1,366","1,425","1,065",770,589,482,360,259,17783
2024년 01월,둔산대로,384,266,204,191,278,670,"1,432","2,611","3,552","3,246","2,932","2,950","2,857","3,098","3,231","3,312","3,563","3,747","3,495","2,216","1,727","1,500","1,020",605,49087
2024년 01월,버드내길,506,351,281,293,441,958,"1,734","2,691","3,143","3,014","2,923","2,792","2,725","2,879","3,002","2,995","3,133","3,005","2,820","2,138","1,803","1,553","1,171",792,47143
2024년 01월,신갈마로,317,263,199,172,205,297,536,880,"1,236","1,110","1,045","1,076","1,094","1,105","1,105","1,129","1,184","1,352","1,310","1,017",809,735,553,398,19127
2024년 01월,신탄진로,297,224,186,212,319,606,"1,125","2,034","2,321","1,716","1,666","1,681","1,685","1,828","1,931","1,984","2,061","2,449","2,229","1,254",976,791,620,460,30655
2024년 01월,엑스포로,280,194,141,128,156,367,674,"1,252","1,724","1,828","1,661","1,830","1,873","2,029","2,138","2,252","2,312","2,264","2,220","1,631","1,390",881,649,418,30292
2024년 01월,유성대로,387,273,211,195,217,474,"1,003","1,958","2,461","2,139","1,837","1,848","1,869","1,988","1,953","2,007","2,142","2,469","2,508","1,682","1,285","1,114",828,538,33386
2024년 01월,한밭대로,920,678,501,444,560,"1,039","1,988","3,622","4,493","4,359","4,343","4,401","4,314","4,608","4,667","4,735","4,899","5,070","4,833","3,519","2,902","2,532","1,952","1,282",72661
2024년 01월,현충원로,217,167,142,149,192,420,906,"2,028","2,468","2,138","2,223","2,440","2,491","2,651","2,658","2,668","2,785","2,926","2,669","1,540","1,147",872,582,367,36846
2024년 01월,구즉세종로,363,234,176,258,328,800,"1,806","3,029","3,105","2,316","1,977","1,854","1,865","2,077","2,194","2,372","2,757","3,338","3,131","1,906","1,438","1,144",834,508,39810
2024년 01월,북유성대로,905,636,433,365,475,"1,081","2,145","3,760","4,093","4,123","3,837","3,767","3,775","3,954","4,000","4,117","4,386","4,579","4,402","3,332","2,837","2,466","1,946","1,248",66662
2024년 01월,월드컵대로,168,146,129,122,143,207,402,"1,315","2,019","1,883","1,688","1,414","1,376","1,522","1,615","1,758","2,027","2,135","1,987","1,281",906,581,328,208,25360
2024년 01월,동부순환도로,81,69,62,65,79,120,205,395,703,524,501,512,513,549,552,612,658,623,444,271,230,195,139,101,8203
2024년 01월,한밭도서관길,119,89,76,74,109,228,423,783,"1,136",887,890,908,906,"1,013","1,006","1,025","1,084","1,220","1,125",612,455,387,304,211,15070
2024년 01월,갑천도시고속도로,786,542,411,544,671,"1,377","2,930","5,468","6,312","5,125","4,591","4,362","4,288","4,749","4,872","5,031","5,533","6,425","5,885","3,801","2,982","2,372","1,704","1,174",81935
2024년 01월,대둔산길(1),83,69,63,79,111,188,369,734,775,719,781,767,730,792,862,863,845,857,629,331,237,169,125,93,11271
2024년 01월,대학로(1),184,133,102,87,97,182,356,931,"1,668","1,366","1,163","1,268","1,265","1,283","1,210","1,175","1,274","1,439","1,390",849,659,508,388,263,19240
2024년 01월,배울1로,141,114,96,99,104,177,356,833,"1,144",785,612,622,650,672,657,718,812,"1,027","1,132",594,436,372,284,211,12648
2024년 01월,동서대로2,501,346,274,233,317,605,"1,250","1,882","2,550","2,347","2,221","2,140","2,190","2,341","2,341","2,527","2,740","2,768","3,041","2,100","1,656","1,445","1,106",691,39612
2024년 02월,가장로,454,337,261,218,290,557,"1,068","1,496","1,934","1,903","1,907","1,834","1,730","1,893","1,910","2,008","2,078","2,150","1,977","1,632","1,369","1,184",936,648,31774
2024년 02월,가정로,181,131,106,104,118,226,517,"1,286","2,226","1,911","1,244","1,528","1,511","1,438","1,284","1,396","1,673","2,223","1,991","1,203",826,626,433,264,24446
2024년 02월,계룡로,834,602,464,383,426,768,"1,460","2,293","3,063","2,988","3,034","3,083","3,036","3,212","3,285","3,297","3,395","3,547","3,451","2,842","2,471","2,151","1,699","1,171",52955
2024년 02월,계백로,836,590,400,333,366,748,"1,475","2,241","2,880","2,946","3,026","3,187","3,013","3,225","3,203","3,284","3,359","3,505","3,315","2,760","2,278","2,033","1,587","1,163",51753
2024년 02월,계족로,440,295,220,232,316,599,"1,052","1,600","1,884","1,770","1,831","1,880","1,951","1,962","2,015","2,033","2,052","2,052","1,908","1,516","1,297","1,091",857,624,31477
2024년 02월,구봉로,120,106,96,92,98,131,213,374,585,531,532,566,563,562,577,609,680,689,732,479,349,291,217,149,9341
2024년 02월,노은길,182,134,110,101,98,127,222,580,878,824,783,854,913,926,932,959,"1,029","1,180","1,246",840,631,537,412,260,14758
2024년 02월,노은로,183,127,101,99,128,284,633,"1,493","2,024","1,741","1,386","1,393","1,443","1,548","1,524","1,647","1,918","2,261","2,101","1,374",984,742,502,283,25919
2024년 02월,대전로,449,260,218,222,260,518,904,"1,328","1,513","1,548","1,643","1,634","1,613","1,708","1,753","1,754","1,779","1,750","1,625","1,348","1,206","1,112",894,680,27719
2024년 02월,대종로,354,256,207,188,209,422,676,974,"1,413","1,359","1,430","1,471","1,472","1,580","1,644","1,641","1,669","1,743","1,707","1,171",997,852,671,483,24589
2024년 02월,대청길,81,63,56,52,58,87,178,392,469,486,562,656,719,776,799,793,759,737,637,415,333,271,192,117,9688
2024년 02월,동서로,660,477,384,341,402,791,"1,497","2,203","2,791","2,663","2,794","2,798","2,833","2,909","2,961","2,937","3,021","3,002","2,968","2,472","2,141","1,840","1,419",962,47266
2024년 02월,문지로,82,62,56,57,59,124,263,771,"1,022",660,430,489,505,511,479,530,668,851,745,426,291,221,157,105,9564
2024년 02월,문화로,168,119,95,83,124,240,468,793,"1,047",975,"1,000","1,012","1,041","1,052","1,103","1,109","1,210","1,227","1,134",757,564,499,364,243,16427
2024년 02월,배재로,392,290,227,192,238,438,741,"1,088","1,298","1,310","1,247","1,254","1,239","1,337","1,319","1,355","1,434","1,509","1,483","1,181","1,043",912,737,523,22787
2024년 02월,벌곡길,76,68,62,68,75,116,207,445,512,489,551,578,543,591,616,625,624,569,550,276,212,170,150,89,8262
2024년 02월,보문로,237,178,149,137,190,322,625,820,"1,030","1,090","1,088","1,103","1,122","1,115","1,084","1,064","1,069","1,080","1,057",823,722,644,491,338,17578
2024년 02월,옥천길,109,91,85,84,85,167,327,727,945,877,937,"1,031","1,019","1,144","1,181","1,223","1,267","1,297","1,103",646,487,348,236,154,15570
2024년 02월,우암로,185,129,105,92,134,261,418,739,"1,002",842,844,894,907,931,944,966,"1,049","1,131","1,162",778,607,523,420,282,15345
2024년 02월,자양로,404,301,218,193,210,358,609,868,"1,213","1,222","1,268","1,399","1,395","1,437","1,377","1,402","1,415","1,503","1,459","1,192",992,862,689,529,22515
2024년 02월,충무로,232,179,139,133,169,320,573,866,"1,277","1,241","1,262","1,357","1,397","1,455","1,479","1,473","1,467","1,479","1,481",993,800,637,447,325,21181
2024년 02월,가오동길,118,76,64,63,97,190,303,496,671,645,647,637,689,745,761,800,825,894,801,490,396,342,238,172,11160
2024년 02월,대덕대로,548,370,300,289,342,619,"1,225","2,129","2,714","2,597","2,412","2,551","2,508","2,644","2,697","2,849","3,049","3,354","3,034","2,410","1,980","1,586","1,239",778,44224
2024년 02월,도안대로,627,478,332,276,285,411,779,"1,300","1,653","1,582","1,402","1,344","1,305","1,330","1,357","1,455","1,590","1,599","2,129","1,860","1,567","1,369","1,100",830,27960
2024년 02월,도안동로,492,354,278,233,301,536,"1,091","1,899","2,333","2,310","2,080","2,017","2,036","2,171","2,204","2,293","2,353","2,470","2,288","1,776","1,480","1,327","1,005",687,36014
2024년 02월,도안중로,176,137,119,105,130,175,400,796,"1,171","1,102","1,081","1,123","1,135","1,143","1,192","1,250","1,331","1,453","1,167",799,603,505,393,265,17751
2024년 02월,둔산대로,382,247,205,199,267,603,"1,355","2,528","3,407","3,235","2,978","2,987","2,908","3,171","3,286","3,330","3,560","3,680","3,414","2,305","1,809","1,542","1,062",631,49091
2024년 02월,버드내길,512,337,279,296,432,901,"1,646","2,588","3,071","2,964","2,972","2,851","2,801","2,921","3,036","3,005","3,139","2,986","2,808","2,159","1,867","1,585","1,213",810,47179
2024년 02월,신갈마로,327,252,203,172,199,287,507,846,"1,203","1,117","1,059","1,072","1,094","1,121","1,123","1,131","1,197","1,280","1,308","1,023",827,700,567,409,19024
2024년 02월,신탄진로,309,233,184,214,311,582,"1,052","1,913","2,228","1,719","1,715","1,747","1,772","1,884","1,957","2,032","2,090","2,387","2,122","1,295","1,016",827,648,485,30722
2024년 02월,엑스포로,285,195,144,129,161,345,636,"1,158","1,628","1,718","1,633","1,830","1,889","2,057","2,112","2,219","2,343","2,355","2,107","1,645","1,414",893,666,431,29993
2024년 02월,유성대로,385,267,214,200,221,456,951,"1,797","2,325","2,059","1,810","1,855","1,897","2,013","1,978","2,050","2,155","2,319","2,293","1,719","1,328","1,134",840,552,32818
2024년 02월,한밭대로,947,660,502,455,536,"1,011","1,920","3,498","4,391","4,393","4,456","4,529","4,461","4,755","4,767","4,843","4,957","5,089","4,748","3,637","3,027","2,635","2,021","1,334",73572
2024년 02월,현충원로,226,165,144,151,191,412,885,"1,950","2,475","2,257","2,381","2,591","2,652","2,774","2,805","2,790","2,910","2,974","2,716","1,642","1,227",923,605,355,38201
2024년 02월,구즉세종로,355,212,182,254,311,737,"1,665","2,890","3,044","2,432","2,082","1,991","1,973","2,184","2,280","2,404","2,794","3,293","2,963","1,921","1,511","1,186",870,534,40068
2024년 02월,북유성대로,913,607,446,391,488,"1,030","2,045","3,599","4,033","4,151","3,975","3,939","3,959","4,098","4,089","4,207","4,429","4,565","4,311","3,414","2,951","2,585","2,061","1,326",67612
2024년 02월,월드컵대로,159,134,123,122,140,194,415,"1,259","1,763","1,700","1,521","1,365","1,300","1,477","1,476","1,591","1,798","2,016","1,812","1,172",772,530,290,194,23323
2024년 02월,동부순환도로,83,67,62,63,75,116,191,414,695,563,528,543,555,585,578,630,692,726,468,290,248,204,146,106,8628
2024년 02월,한밭도서관길,121,89,76,76,115,228,421,737,"1,121",943,941,964,969,"1,062","1,064","1,080","1,130","1,244","1,153",665,483,404,314,219,15619
2024년 02월,갑천도시고속도로,809,543,433,562,678,"1,290","2,785","5,302","6,104","5,186","4,695","4,580","4,568","4,996","5,085","5,222","5,649","6,425","5,846","3,931","3,143","2,496","1,808","1,248",83384
2024년 02월,대둔산길(1),75,68,68,79,112,188,364,709,754,779,830,833,808,856,897,908,893,894,667,375,273,198,140,100,11868
2024년 02월,대학로(1),180,131,101,92,97,167,342,908,"1,564","1,354","1,161","1,225","1,258","1,304","1,239","1,219","1,298","1,486","1,366",863,678,509,393,265,19200
2024년 02월,배울1로,142,108,95,96,104,161,321,779,"1,082",757,632,628,663,691,670,721,794,982,"1,041",590,445,380,298,221,12401
2024년 02월,동서대로2,496,340,279,234,314,597,"1,197","1,712","2,467","2,326","2,141","2,080","2,145","2,285","2,291","2,442","2,675","2,728","2,834","2,153","1,714","1,483","1,125",714,38772
2024년 03월,가장로,459,341,254,217,298,570,"1,100","1,561","1,966","1,961","1,954","1,843","1,723","1,873","1,923","2,014","2,088","2,155","1,950","1,656","1,392","1,212",948,647,32105
2024년 03월,가정로,182,129,110,101,126,269,591,"1,412","2,359","1,966","1,256","1,541","1,529","1,431","1,306","1,456","1,755","2,301","2,083","1,273",899,702,466,274,25517
2024년 03월,계룡로,857,622,470,381,448,829,"1,614","2,625","3,225","3,154","3,174","3,190","3,041","3,252","3,311","3,318","3,460","3,662","3,586","2,945","2,554","2,295","1,779","1,188",54980
2024년 03월,계백로,857,603,407,329,388,807,"1,574","2,332","2,952","3,011","3,057","3,190","3,031","3,216","3,178","3,277","3,405","3,612","3,415","2,842","2,352","2,107","1,621","1,161",52724
2024년 03월,계족로,462,305,226,230,332,621,"1,124","1,688","1,936","1,810","1,852","1,865","1,930","1,964","1,989","1,997","2,057","2,079","1,937","1,543","1,341","1,125",869,626,31908
2024년 03월,구봉로,120,104,96,93,101,135,235,455,642,521,511,526,522,546,565,588,662,689,720,496,354,295,215,145,9336
2024년 03월,노은길,190,138,108,100,102,133,245,721,931,819,756,822,873,915,919,938,"1,078","1,234","1,330",887,681,580,436,263,15199
2024년 03월,노은로,190,126,103,101,135,326,692,"1,794","2,186","1,854","1,418","1,400","1,437","1,569","1,542","1,701","2,062","2,495","2,222","1,456","1,057",834,539,286,27525
2024년 03월,대전로,470,265,219,223,279,549,990,"1,405","1,577","1,611","1,670","1,650","1,607","1,719","1,749","1,742","1,802","1,777","1,672","1,371","1,246","1,151",930,702,28376
2024년 03월,대종로,361,259,206,190,223,482,757,"1,166","1,499","1,400","1,436","1,463","1,453","1,548","1,600","1,609","1,703","1,790","1,758","1,232","1,028",898,702,489,25252
2024년 03월,대청길,85,66,55,50,60,101,215,490,576,530,610,716,784,851,865,834,840,824,720,490,381,296,201,127,10767
2024년 03월,동서로,660,480,381,341,428,859,"1,584","2,305","2,836","2,683","2,783","2,760","2,754","2,830","2,894","2,873","3,033","3,016","2,952","2,495","2,168","1,855","1,442",960,47372
2024년 03월,문지로,85,64,56,57,59,130,292,835,"1,042",662,449,500,523,520,497,553,676,868,781,437,314,237,160,105,9902
2024년 03월,문화로,200,141,109,94,155,288,578,"1,031","1,308","1,198","1,216","1,217","1,269","1,282","1,327","1,302","1,425","1,435","1,348",892,668,601,443,284,19811
2024년 03월,배재로,404,279,233,186,230,433,704,934,"1,093","1,180","1,123","1,144","1,112","1,220","1,203","1,240","1,278","1,360","1,315","1,125","1,012",928,717,541,20994
2024년 03월,벌곡길,76,69,62,67,75,114,197,414,485,480,556,604,561,605,632,641,630,561,529,276,213,168,152,89,8256
2024년 03월,보문로,233,178,144,137,194,357,663,993,"1,051","1,081","1,090","1,074","1,086","1,092","1,086","1,031",990,986,989,845,734,674,514,332,17554
2024년 03월,옥천길,112,91,90,82,92,194,394,873,"1,070",964,968,"1,040","1,041","1,180","1,245","1,280","1,362","1,448","1,222",741,538,384,250,159,16820
2024년 03월,우암로,184,128,103,92,146,284,474,911,"1,131",891,838,881,896,916,936,978,"1,071","1,179","1,214",826,637,547,424,279,15966
2024년 03월,자양로,425,318,230,200,232,387,642,"1,048","1,361","1,312","1,277","1,379","1,418","1,422","1,368","1,436","1,480","1,577","1,558","1,282","1,109",976,759,569,23765
2024년 03월,충무로,228,175,142,127,174,358,624,"1,027","1,427","1,368","1,345","1,428","1,436","1,471","1,459","1,453","1,503","1,509","1,509","1,025",824,689,469,324,22094
2024년 03월,가오동길,117,75,58,65,101,206,329,550,731,644,627,626,646,731,725,778,855,914,856,521,405,343,239,162,11304
2024년 03월,대덕대로,569,377,296,289,365,681,"1,335","2,446","2,958","2,744","2,442","2,494","2,459","2,598","2,651","2,815","3,126","3,503","3,082","2,500","2,043","1,663","1,265",794,45495
2024년 03월,도안대로,638,446,333,264,283,459,806,"1,476","1,808","1,728","1,466","1,370","1,296","1,336","1,335","1,442","1,832","1,655","1,776","1,980","1,621","1,455","1,131",825,28761
2024년 03월,도안동로,518,362,279,234,333,601,"1,304","2,220","2,574","2,446","2,113","1,993","1,967","2,129","2,167","2,221","2,405","2,497","2,479","1,897","1,575","1,429","1,055",700,37498
2024년 03월,도안중로,179,136,120,99,122,168,429,"1,005","1,227","1,006",972,963,"1,001","1,086","1,151","1,226","1,316","1,451","1,408",957,727,602,424,258,18033
2024년 03월,둔산대로,405,263,210,197,304,679,"1,556","2,813","3,515","3,334","3,055","2,976","2,940","3,218","3,291","3,370","3,721","3,841","3,648","2,496","1,918","1,704","1,166",672,51292
2024년 03월,버드내길,535,338,276,297,471,982,"1,796","2,830","3,186","3,057","2,974","2,833","2,780","2,916","3,011","2,993","3,220","3,073","2,923","2,242","1,953","1,672","1,264",819,48441
2024년 03월,신갈마로,319,244,206,170,211,317,574,"1,025","1,234","1,106","1,042","1,056","1,078","1,086","1,081","1,101","1,187","1,256","1,335","1,050",848,739,561,407,19233
2024년 03월,신탄진로,320,235,188,216,326,638,"1,178","2,075","2,358","1,831","1,788","1,792","1,806","1,926","1,982","2,063","2,181","2,487","2,221","1,377","1,074",881,685,492,32120
2024년 03월,엑스포로,307,208,158,128,163,381,687,"1,276","1,713","1,803","1,664","1,846","1,933","2,070","2,093","2,175","2,307","2,451","2,162","1,717","1,501",955,714,445,30857
2024년 03월,유성대로,406,278,217,201,238,505,"1,054","2,005","2,435","2,149","1,857","1,890","1,925","2,056","2,000","2,091","2,309","2,423","2,269","1,819","1,418","1,224",884,583,34236
2024년 03월,한밭대로,982,683,517,460,585,"1,132","2,211","3,920","4,607","4,623","4,580","4,531","4,442","4,770","4,756","4,826","5,052","5,269","4,989","3,844","3,223","2,818","2,141","1,396",76357
2024년 03월,현충원로,237,175,150,157,200,494,"1,075","2,326","2,766","2,430","2,464","2,653","2,719","2,830","2,856","2,885","3,068","3,229","2,941","1,869","1,413","1,104",674,385,41100
2024년 03월,구즉세종로,362,219,186,248,347,826,"1,831","2,956","3,073","2,390","2,053","1,885","1,895","2,058","2,111","2,297","2,812","3,547","3,074","1,985","1,532","1,232",893,544,40356
2024년 03월,북유성대로,926,602,441,387,506,"1,146","2,222","3,927","4,191","4,270","4,000","3,932","3,882","4,070","4,103","4,199","4,554","4,715","4,436","3,536","3,083","2,746","2,110","1,329",69313
2024년 03월,월드컵대로,166,138,123,125,144,214,673,"1,622","1,695","1,679","1,408","1,273","1,199","1,322","1,351","1,586","1,896","2,071","2,087","1,316",894,629,318,210,24139
2024년 03월,동부순환도로,85,70,64,64,77,125,240,555,816,608,549,540,560,578,573,616,720,801,636,310,262,221,158,110,9338
2024년 03월,한밭도서관길,119,85,77,75,116,242,478,853,"1,195",979,932,957,968,"1,048","1,060","1,093","1,174","1,308","1,234",715,500,441,331,222,16202
2024년 03월,갑천도시고속도로,824,545,426,537,719,"1,444","3,088","5,745","6,379","5,314","4,763","4,531","4,462","4,883","4,943","5,192","5,656","6,617","6,069","4,068","3,225","2,587","1,873","1,250",85140
2024년 03월,대둔산길(1),73,65,62,75,126,231,458,867,909,863,908,860,816,898,947,934,960,992,759,442,297,206,143,94,12985
2024년 03월,대학로(1),203,144,112,92,102,182,400,"1,055","1,678","1,424","1,180","1,236","1,294","1,322","1,277","1,264","1,371","1,570","1,486",896,729,567,431,288,20303
2024년 03월,배울1로,142,110,94,96,106,165,336,875,"1,157",749,625,631,655,685,674,737,819,"1,026","1,088",626,469,402,305,218,12790
2024년 03월,동서대로2,491,344,277,231,342,616,"1,192","1,944","2,657","2,449","2,211","2,060","2,064","2,216","2,210","2,342","2,668","2,769","2,708","2,222","1,762","1,536","1,115",697,39123
2024년 04월,가장로,452,330,260,218,301,577,"1,133","1,645","2,029","1,943","1,948","1,836","1,680","1,856","1,895","1,990","2,057","2,185","1,960","1,642","1,395","1,212",952,654,32150
2024년 04월,가정로,233,214,194,180,251,321,642,"1,526","2,463","2,035","1,295","1,565","1,531","1,459","1,348","1,462","1,877","2,413","2,155","1,346",953,772,546,328,27109
2024년 04월,계룡로,872,616,467,393,442,885,"1,754","2,795","3,343","3,283","3,200","3,198","3,109","3,327","3,399","3,381","3,558","3,720","3,652","3,041","2,644","2,372","1,878","1,262",56591
2024년 04월,계백로,850,581,401,332,392,854,"1,686","2,459","3,050","3,062","3,039","3,136","2,955","3,196","3,153","3,251","3,397","3,623","3,459","2,823","2,367","2,118","1,654","1,175",53013
2024년 04월,계족로,457,305,217,225,345,665,"1,208","1,776","2,001","1,864","1,874","1,868","1,930","1,970","2,021","2,035","2,094","2,125","1,975","1,581","1,365","1,147",895,650,32593
2024년 04월,구봉로,120,112,97,92,103,136,246,483,677,551,517,521,537,543,563,600,690,715,733,499,369,308,227,153,9592
2024년 04월,노은길,190,139,110,96,103,144,278,792,983,848,781,817,864,900,902,937,"1,072","1,269","1,372",920,682,597,443,271,15510
2024년 04월,노은로,195,136,100,100,139,313,805,"1,958","2,320","1,901","1,449","1,425","1,435","1,565","1,561","1,728","2,130","2,585","2,387","1,455","1,124",873,564,300,28548
2024년 04월,대전로,478,274,228,231,298,598,"1,093","1,492","1,641","1,681","1,699","1,648","1,605","1,707","1,748","1,752","1,804","1,786","1,686","1,386","1,281","1,168",976,717,28977
2024년 04월,대종로,351,256,204,187,221,479,805,"1,231","1,554","1,452","1,464","1,449","1,453","1,580","1,640","1,702","1,821","1,868","1,808","1,285","1,076",935,745,504,26070
2024년 04월,대청길,99,74,57,55,66,119,282,578,655,630,692,768,835,902,915,887,898,876,819,617,507,411,270,159,12171
2024년 04월,동서로,664,479,380,332,438,902,"1,696","2,428","2,963","2,734","2,799","2,751","2,747","2,822","2,869","2,890","3,057","3,047","2,961","2,503","2,211","1,896","1,498","1,006",48073
2024년 04월,문지로,83,70,57,57,61,134,312,879,"1,058",687,470,508,521,539,522,578,717,921,817,459,319,246,169,111,10295
2024년 04월,문화로,191,137,105,92,146,290,591,"1,033","1,288","1,130","1,153","1,140","1,156","1,171","1,209","1,226","1,354","1,363","1,290",863,649,587,429,278,18871
2024년 04월,배재로,395,273,228,184,225,438,690,918,"1,047","1,161","1,086","1,118","1,040","1,169","1,149","1,233","1,252","1,418","1,279","1,105",983,929,735,528,20583
2024년 04월,벌곡길,75,68,62,68,75,116,206,440,512,490,558,591,551,595,618,630,626,568,549,278,215,169,152,89,8301
2024년 04월,보문로,232,176,138,135,197,364,715,"1,060","1,105","1,131","1,115","1,090","1,083","1,108","1,116","1,085","1,009","1,004",976,818,765,704,557,345,18028
2024년 04월,옥천길,123,102,90,84,108,223,504,"1,035","1,198","1,051","1,091","1,158","1,200","1,325","1,344","1,377","1,477","1,598","1,432",869,672,462,296,179,18998
2024년 04월,우암로,189,130,105,91,153,294,515,965,"1,169",918,875,906,919,941,943,"1,009","1,121","1,194","1,233",877,668,570,440,284,16509
2024년 04월,자양로,436,328,239,202,231,413,694,"1,114","1,392","1,350","1,319","1,399","1,405","1,422","1,346","1,421","1,500","1,579","1,565","1,332","1,137","1,010",799,599,24232
2024년 04월,충무로,239,189,143,133,199,401,705,"1,138","1,547","1,429","1,344","1,393","1,463","1,479","1,451","1,462","1,547","1,653","1,586","1,107",912,768,573,345,23206
2024년 04월,가오동길,115,77,62,68,110,220,376,599,778,678,653,626,648,733,755,792,887,966,881,551,423,357,243,168,11766
2024년 04월,대덕대로,558,375,289,287,360,682,"1,420","2,535","2,955","2,671","2,339","2,420","2,309","2,465","2,560","2,744","3,034","3,365","3,076","2,313","2,013","1,667","1,273",803,44513
2024년 04월,도안대로,630,443,321,262,280,424,709,"1,556","1,839","1,688","1,408","1,311","1,239","1,306","1,323","1,420","1,822","1,749","1,534","1,823","1,676","1,492","1,186",863,28304
2024년 04월,도안동로,509,380,291,236,316,612,"1,364","2,319","2,567","2,317","1,947","1,863","1,844","1,985","2,072","2,177","2,333","2,376","2,389","1,870","1,562","1,423","1,060",716,36528
2024년 04월,도안중로,174,135,115,100,117,176,485,"1,039","1,252","1,015",965,935,986,"1,075","1,131","1,202","1,293","1,446","1,451",987,729,612,434,265,18119
2024년 04월,둔산대로,422,286,211,201,302,725,"1,700","2,992","3,699","3,493","3,182","3,070","2,980","3,299","3,384","3,474","3,806","3,866","3,779","2,602","2,054","1,821","1,238",722,53308
2024년 04월,버드내길,528,338,278,304,477,"1,020","1,931","2,975","3,216","3,044","2,906","2,759","2,667","2,823","2,926","2,947","3,145","2,996","2,896","2,215","1,947","1,689","1,291",845,48163
2024년 04월,신갈마로,319,246,201,170,208,338,593,"1,084","1,241","1,126","1,029","1,006","1,027","1,043","1,017","1,048","1,133","1,219","1,306","1,050",854,734,570,396,18958
2024년 04월,신탄진로,324,235,190,211,343,678,"1,325","2,244","2,465","1,937","1,831","1,813","1,822","1,962","2,026","2,115","2,250","2,582","2,347","1,475","1,154",932,722,518,33501
2024년 04월,엑스포로,321,206,155,139,172,384,750,"1,373","1,823","1,817","1,684","1,838","1,892","2,033","2,086","2,160","2,271","2,385","2,249","1,662","1,542","1,026",736,461,31165
2024년 04월,유성대로,402,286,217,202,241,521,"1,138","2,080","2,480","2,177","1,842","1,851","1,877","2,011","1,972","2,075","2,358","2,526","2,317","1,763","1,437","1,262",904,594,34533
2024년 04월,한밭대로,994,695,522,470,602,"1,216","2,428","4,184","4,773","4,721","4,588","4,490","4,378","4,722","4,692","4,803","5,027","5,246","5,067","3,864","3,276","2,889","2,200","1,434",77281
2024년 04월,현충원로,287,203,160,167,224,571,"1,297","2,539","3,001","2,638","2,610","2,779","2,890","2,982","3,014","3,037","3,239","3,423","3,223","2,096","1,695","1,303",850,496,44724
2024년 04월,구즉세종로,361,224,185,250,358,858,"2,014","3,098","3,223","2,466","2,065","1,870","1,824","1,999","2,052","2,251","2,810","3,540","3,208","1,992","1,599","1,281",938,555,41021
2024년 04월,북유성대로,931,617,440,388,519,"1,202","2,395","4,184","4,344","4,357","4,037","3,915","3,882","4,073","4,097","4,239","4,562","4,727","4,464","3,542","3,128","2,779","2,151","1,379",70352
2024년 04월,월드컵대로,177,166,132,126,153,324,"1,026","1,837","2,036","1,796","1,440","1,326","1,278","1,376","1,434","1,609","1,918","2,065","2,178","1,400",891,567,377,244,25876
2024년 04월,동부순환도로,86,75,64,65,80,138,344,597,853,631,552,552,571,590,582,633,732,836,796,330,283,244,161,110,9905
2024년 04월,한밭도서관길,120,97,74,74,125,275,545,959,"1,272","1,036",969,965,975,"1,078","1,098","1,148","1,228","1,345","1,306",798,556,478,361,230,17112
2024년 04월,갑천도시고속도로,830,555,428,535,744,"1,581","3,455","6,112","6,646","5,486","4,736","4,477","4,358","4,820","4,890","5,162","5,750","6,643","6,234","4,160","3,350","2,691","1,936","1,317",86896
2024년 04월,대둔산길(1),74,79,64,77,133,283,593,998,"1,026",975,997,948,903,997,"1,011","1,034","1,039","1,057",852,539,355,237,154,97,14522
2024년 04월,대학로(1),211,147,108,95,102,193,468,"1,151","1,769","1,434","1,214","1,276","1,312","1,369","1,334","1,345","1,504","1,603","1,593",959,786,617,455,299,21344
2024년 04월,배울1로,149,113,95,96,112,174,343,927,"1,194",782,626,627,657,674,681,748,853,"1,033","1,108",634,488,425,317,222,13078
2024년 04월,동서대로2,500,352,279,235,319,596,"1,224","2,046","2,723","2,431","2,163","2,043","1,977","2,157","2,169","2,335","2,642","2,762","2,771","2,139","1,848","1,591","1,128",715,39145
2024년 05월,가장로,470,350,266,223,304,585,"1,172","1,661","1,982","1,905","1,908","1,840","1,725","1,862","1,878","1,939","2,087","2,210","2,020","1,626","1,435","1,254",978,664,32344
2024년 05월,가정로,217,171,187,176,226,282,642,"1,460","2,341","1,923","1,265","1,541","1,527","1,449","1,326","1,464","1,827","2,307","2,024","1,257",912,739,506,289,26058
2024년 05월,계룡로,871,631,479,393,445,920,"1,718","2,701","3,261","3,179","3,184","3,214","3,121","3,347","3,374","3,329","3,519","3,693","3,586","2,932","2,636","2,383","1,927","1,254",56097
2024년 05월,계백로,852,584,405,338,405,910,"1,708","2,393","2,923","3,039","3,038","3,178","2,985","3,178","3,142","3,219","3,381","3,601","3,447","2,750","2,365","2,143","1,670","1,184",52838
2024년 05월,계족로,463,316,229,231,363,705,"1,252","1,795","2,029","1,894","1,902","1,881","1,915","1,959","2,012","2,040","2,147","2,166","1,999","1,558","1,386","1,183",940,673,33038
2024년 05월,구봉로,120,105,131,94,109,142,254,500,689,550,521,550,556,561,590,621,670,712,749,485,371,306,228,155,9769
2024년 05월,노은길,189,136,111,95,106,149,281,766,942,844,777,832,886,902,900,932,"1,058","1,256","1,350",912,683,600,446,273,15426
2024년 05월,노은로,194,130,102,102,140,344,810,"1,857","2,200","1,856","1,434","1,423","1,459","1,553","1,584","1,728","2,097","2,513","2,267","1,409","1,090",872,562,299,28025
2024년 05월,대전로,498,285,225,242,303,615,"1,086","1,455","1,595","1,660","1,704","1,668","1,618","1,714","1,753","1,763","1,815","1,800","1,665","1,388","1,286","1,222","1,015",732,29107
2024년 05월,대종로,365,262,210,186,224,491,810,"1,209","1,514","1,423","1,458","1,475","1,490","1,593","1,678","1,730","1,791","1,836","1,771","1,240","1,081",955,772,505,26069
2024년 05월,대청길,92,70,58,57,68,144,293,571,620,597,658,720,765,808,797,782,804,793,731,543,440,331,220,145,11107
2024년 05월,동서로,674,497,398,340,450,928,"1,711","2,372","2,851","2,728","2,774","2,739","2,745","2,834","2,886","2,928","3,038","3,095","2,940","2,447","2,221","1,942","1,531","1,013",48082
2024년 05월,문지로,83,66,58,57,61,139,315,836,998,699,481,521,541,547,528,589,752,899,787,448,307,242,167,109,10230
2024년 05월,문화로,169,125,99,90,138,277,500,811,971,872,884,880,886,896,935,936,"1,017","1,019","1,011",691,560,492,373,240,14872
2024년 05월,배재로,381,267,227,188,233,437,677,872,"1,060","1,177","1,057","1,090","1,047","1,149","1,122","1,248","1,358","1,451","1,329","1,087",946,912,729,507,20551
2024년 05월,벌곡길,78,71,68,71,80,144,280,547,610,560,612,618,591,655,708,716,717,742,697,367,267,198,162,97,9656
2024년 05월,보문로,226,176,145,138,199,368,671,"1,017","1,056","1,119","1,118","1,083","1,062","1,090","1,110","1,091",987,958,943,764,759,717,556,349,17702
2024년 05월,옥천길,123,97,91,85,112,258,524,969,"1,113",946,944,"1,066","1,081","1,178","1,223","1,265","1,390","1,539","1,318",784,627,420,279,174,17606
2024년 05월,우암로,190,130,107,92,156,299,511,936,"1,130",900,854,886,902,920,920,978,"1,084","1,167","1,186",835,646,564,434,279,16106
2024년 05월,자양로,453,332,246,210,238,419,707,"1,095","1,357","1,370","1,333","1,390","1,413","1,423","1,374","1,501","1,571","1,631","1,602","1,311","1,133","1,040",820,596,24565
2024년 05월,충무로,246,190,153,142,204,408,718,"1,121","1,449","1,361","1,320","1,387","1,416","1,436","1,419","1,433","1,579","1,670","1,574","1,074",884,820,616,366,22986
2024년 05월,가오동길,117,78,62,73,106,239,382,598,749,666,652,644,655,737,756,802,880,957,844,548,441,364,246,167,11763
2024년 05월,대덕대로,558,377,295,287,352,700,"1,445","2,401","2,726","2,580","2,317","2,405","2,326","2,487","2,560","2,729","3,008","3,262","2,950","2,188","1,956","1,625","1,249",782,43565
2024년 05월,도안대로,647,447,338,262,283,372,759,"1,637","1,902","1,727","1,399","1,287","1,226","1,275","1,309","1,385","1,748","1,988","1,500","1,433","1,665","1,498","1,194",876,28157
2024년 05월,도안동로,492,372,291,244,322,639,"1,401","2,343","2,534","2,154","1,882","1,797","1,790","1,927","2,003","2,156","2,321","2,320","2,276","1,708","1,479","1,323","1,003",681,35458
2024년 05월,도안중로,176,132,116,105,121,204,501,982,"1,188",998,933,951,"1,001","1,109","1,116","1,201","1,402","1,435","1,492","1,026",747,622,440,269,18267
2024년 05월,둔산대로,424,277,217,206,305,790,"1,749","2,913","3,602","3,395","3,169","3,054","3,020","3,261","3,373","3,421","3,773","3,793","3,660","2,554","2,058","1,831","1,249",724,52818
2024년 05월,버드내길,530,343,277,307,470,"1,055","1,902","2,811","3,045","2,974","2,877","2,750","2,700","2,876","2,941","2,927","3,127","2,965","2,785","2,172","1,907","1,665","1,287",829,47522
2024년 05월,신갈마로,305,237,198,164,208,335,571,985,"1,123","1,023",964,914,940,951,911,951,"1,062","1,135","1,171",989,832,724,545,384,17622
2024년 05월,신탄진로,330,236,187,213,351,710,"1,325","2,183","2,366","1,915","1,831","1,820","1,821","1,976","2,027","2,109","2,233","2,525","2,235","1,441","1,128",925,716,522,33125
2024년 05월,엑스포로,324,212,158,135,168,401,746,"1,336","1,746","1,749","1,653","1,869","1,916","2,057","2,098","2,146","2,226","2,295","2,163","1,675","1,622","1,117",806,489,31107
2024년 05월,유성대로,411,286,220,208,248,539,"1,102","1,895","2,268","2,092","1,841","1,878","1,907","2,039","1,979","2,086","2,330","2,573","2,228","1,660","1,405","1,234",892,584,33905
2024년 05월,한밭대로,997,700,530,483,615,"1,303","2,484","4,081","4,631","4,655","4,573","4,549","4,411","4,717","4,710","4,815","5,022","5,171","4,888","3,730","3,203","2,857","2,195","1,418",76738
2024년 05월,현충원로,269,190,157,167,232,669,"1,349","2,570","2,909","2,574","2,530","2,761","2,818","2,822","2,886","2,959","3,157","3,189","3,033","2,048","1,591","1,186",756,433,43255
2024년 05월,구즉세종로,371,233,189,252,361,874,"1,866","2,862","2,972","2,358","2,109","1,933","1,866","2,058","2,129","2,359","2,910","3,597","3,040","1,954","1,594","1,303",954,568,40712
2024년 05월,북유성대로,988,656,475,407,546,"1,306","2,566","4,224","4,308","4,387","4,127","4,055","4,009","4,193","4,222","4,351","4,727","4,875","4,497","3,511","3,200","2,919","2,288","1,450",72287
2024년 05월,월드컵대로,190,164,134,127,157,497,"1,078","1,802","1,979","1,754","1,436","1,378","1,315","1,387","1,433","1,584","1,880","2,028","2,069","1,416",750,512,391,253,25714
2024년 05월,동부순환도로,84,69,63,66,81,182,372,612,817,602,558,552,563,572,569,616,697,812,759,402,272,228,159,107,9814
2024년 05월,한밭도서관길,123,88,78,77,128,293,561,955,"1,272","1,034",976,965,965,"1,057","1,101","1,130","1,205","1,311","1,237",760,574,488,382,237,16997
2024년 05월,갑천도시고속도로,842,545,420,539,751,"1,666","3,459","5,951","6,429","5,369","4,790","4,536","4,404","4,936","4,983","5,225","5,811","6,484","6,007","4,063","3,286","2,649","1,920","1,292",86357
2024년 05월,대둔산길(1),81,69,69,85,150,337,635,"1,005","1,002",967,"1,051","1,011",943,"1,033","1,071","1,047","1,044","1,046",847,563,416,267,171,106,15016
2024년 05월,대학로(1),204,148,112,95,103,230,485,"1,086","1,673","1,391","1,174","1,244","1,248","1,299","1,233","1,257","1,404","1,516","1,503",984,744,601,449,298,20481
2024년 05월,배울1로,157,117,97,102,112,188,362,933,"1,184",801,674,678,699,735,738,795,907,"1,084","1,095",634,500,437,334,231,13594
2024년 05월,동서대로2,523,363,293,241,323,647,"1,245","1,970","2,680","2,433","2,212","2,139","2,080","2,218","2,250","2,409","2,699","2,863","2,800","2,052","1,878","1,580","1,158",731,39787
2024년 06월,가장로,489,361,272,233,312,599,"1,152","1,553","1,813","1,795","1,854","1,848","1,788","1,877","1,849","1,950","2,052","2,137","1,952","1,584","1,430","1,249",977,689,31815
2024년 06월,가정로,195,138,138,155,149,268,662,"1,411","2,219","1,823","1,255","1,526","1,540","1,438","1,320","1,460","1,777","2,201","1,936","1,223",898,717,486,285,25220
2024년 06월,계룡로,910,651,489,396,458,950,"1,714","2,628","3,199","3,186","3,181","3,215","3,158","3,359","3,356","3,385","3,508","3,621","3,539","2,863","2,662","2,388","1,928","1,247",55991
2024년 06월,계백로,868,573,418,362,422,950,"1,768","2,262","2,811","2,946","2,975","3,017","3,009","3,102","3,097","3,169","3,443","3,619","3,382","2,741","2,388","2,144","1,665","1,199",52330
2024년 06월,계족로,479,331,234,244,389,739,"1,279","1,799","2,005","1,886","1,902","1,875","1,897","1,929","1,978","2,030","2,135","2,161","1,984","1,520","1,394","1,198",938,665,32991
2024년 06월,구봉로,122,105,108,93,106,149,264,514,649,552,538,557,558,558,594,620,671,705,741,480,380,316,224,155,9759
2024년 06월,노은길,199,144,112,99,112,155,284,735,921,845,790,877,923,937,925,966,"1,080","1,255","1,338",905,728,615,453,285,15683
2024년 06월,노은로,196,133,104,102,142,348,823,"1,813","2,109","1,794","1,450","1,448","1,478","1,608","1,629","1,740","2,111","2,452","2,214","1,406","1,072",861,565,301,27899
2024년 06월,대전로,490,283,230,247,301,629,"1,072","1,394","1,557","1,645","1,695","1,649","1,625","1,719","1,757","1,747","1,801","1,768","1,630","1,368","1,268","1,219",997,731,28822
2024년 06월,대종로,372,268,217,197,236,503,786,"1,143","1,418","1,434","1,458","1,530","1,576","1,702","1,737","1,727","1,804","1,841","1,772","1,275","1,079",943,743,493,26254
2024년 06월,대청길,99,74,62,58,73,164,311,544,587,567,622,696,744,774,752,747,773,775,729,552,464,354,230,143,10894
2024년 06월,동서로,696,505,412,359,461,966,"1,662","2,305","2,779","2,692","2,780","2,749","2,790","2,839","2,895","2,934","3,015","3,045","2,901","2,384","2,241","1,977","1,526","1,022",47935
2024년 06월,문지로,82,65,57,58,63,146,315,800,953,647,462,521,515,532,502,555,711,825,740,434,311,233,168,110,9805
2024년 06월,문화로,161,121,101,99,129,269,462,754,934,839,849,854,864,846,913,910,"1,011","1,030","1,008",684,565,489,356,222,14470
2024년 06월,배재로,410,300,238,201,253,454,718,995,"1,193","1,199","1,084","1,112","1,133","1,212","1,208","1,234","1,366","1,390","1,403","1,155",988,880,730,516,21372
2024년 06월,벌곡길,90,76,70,77,88,189,388,675,695,636,700,679,657,721,780,807,843,921,822,453,356,237,188,101,11249
2024년 06월,보문로,238,182,144,142,196,387,669,961,"1,069","1,092","1,114","1,079","1,088","1,108","1,134","1,087",989,"1,007",956,777,773,717,542,340,17791
2024년 06월,옥천길,125,103,92,85,125,288,529,916,"1,062",917,912,"1,024","1,042","1,147","1,200","1,203","1,279","1,441","1,308",809,643,444,286,175,17155
2024년 06월,우암로,182,134,108,96,157,331,509,883,"1,078",881,845,869,901,918,922,964,"1,051","1,146","1,146",805,657,572,441,288,15884
2024년 06월,자양로,459,343,258,223,244,435,698,"1,047","1,287","1,269","1,293","1,360","1,355","1,380","1,339","1,396","1,438","1,529","1,479","1,269","1,154","1,023",821,584,23683
2024년 06월,충무로,262,193,156,144,217,414,680,"1,098","1,454","1,323","1,267","1,346","1,375","1,378","1,408","1,421","1,517","1,558","1,515","1,053",963,848,588,368,22546
2024년 06월,가오동길,119,84,67,72,109,234,367,547,717,661,666,633,655,714,740,770,838,909,810,526,451,371,255,170,11485
2024년 06월,대덕대로,557,374,298,285,345,701,"1,338","2,188","2,523","2,451","2,251","2,345","2,285","2,445","2,495","2,634","2,900","3,156","2,839","2,119","1,867","1,574","1,205",766,41941
2024년 06월,도안대로,634,465,336,267,284,356,762,"1,500","1,743","1,586","1,374","1,275","1,246","1,276","1,292","1,325","1,622","1,796","1,408","1,141","1,588","1,433","1,142",821,26672
2024년 06월,도안동로,493,369,287,236,312,643,"1,340","2,175","2,441","2,167","1,918","1,848","1,837","1,966","2,038","2,179","2,337","2,353","2,240","1,653","1,449","1,270",967,659,35177
2024년 06월,도안중로,179,136,116,106,128,220,483,884,"1,150","1,008",984,995,"1,050","1,122","1,126","1,235","1,471","1,468","1,481","1,044",752,626,434,267,18465
2024년 06월,둔산대로,431,275,215,208,306,820,"1,718","2,767","3,381","3,246","3,067","2,983","2,930","3,193","3,240","3,357","3,629","3,641","3,498","2,440","1,997","1,793","1,241",709,51085
2024년 06월,버드내길,536,338,271,308,469,"1,049","1,866","2,610","2,879","2,917","2,816","2,682","2,629","2,791","2,869","2,846","3,024","2,901","2,737","2,114","1,872","1,624","1,252",813,46213
2024년 06월,신갈마로,321,244,201,166,203,339,555,877,"1,020",964,932,893,916,911,872,921,"1,004","1,099","1,089",945,829,707,536,385,16929
2024년 06월,신탄진로,340,237,189,208,361,727,"1,301","2,110","2,286","1,872","1,804","1,791","1,796","1,917","1,958","2,044","2,177","2,423","2,166","1,397","1,120",922,709,513,32368
2024년 06월,엑스포로,325,218,156,139,176,405,717,"1,301","1,673","1,714","1,635","1,838","1,908","2,095","2,150","2,208","2,290","2,350","2,194","1,656","1,578","1,090",784,477,31077
2024년 06월,유성대로,420,295,219,210,252,560,"1,111","1,850","2,179","2,006","1,814","1,861","1,890","1,998","1,967","2,020","2,266","2,545","2,269","1,646","1,393","1,210",884,586,33451
2024년 06월,한밭대로,"1,029",709,535,502,627,"1,348","2,434","3,892","4,431","4,529","4,532","4,544","4,465","4,727","4,714","4,774","4,929","5,051","4,770","3,668","3,165","2,820","2,165","1,411",75771
2024년 06월,현충원로,278,201,164,169,255,744,"1,406","2,537","2,894","2,556","2,589","2,871","2,942","3,014","3,092","3,133","3,245","3,399","3,073","2,110","1,656","1,251",786,452,44817
2024년 06월,구즉세종로,373,230,186,247,370,899,"1,868","2,919","2,948","2,341","2,086","1,937","1,876","2,112","2,178","2,311","2,801","3,394","3,027","1,869","1,566","1,301",952,563,40354
2024년 06월,북유성대로,"1,047",696,495,436,584,"1,400","2,588","4,104","4,227","4,533","4,365","4,298","4,266","4,427","4,391","4,549","4,872","5,005","4,689","3,629","3,257","2,942","2,335","1,475",74610
2024년 06월,월드컵대로,195,157,135,128,165,534,"1,076","1,712","1,918","1,762","1,399","1,368","1,329","1,379","1,370","1,520","1,764","1,917","2,077","1,442",684,524,394,258,25207
2024년 06월,동부순환도로,83,70,63,65,82,209,362,583,767,597,534,540,563,569,571,606,686,798,739,452,258,237,156,105,9695
2024년 06월,한밭도서관길,132,93,78,81,136,310,597,947,"1,228","1,031","1,000","1,011",965,"1,048","1,079","1,113","1,169","1,272","1,198",741,591,490,376,243,16929
2024년 06월,갑천도시고속도로,853,543,427,538,752,"1,696","3,341","5,643","6,085","5,154","4,676","4,496","4,396","4,934","4,893","5,058","5,532","6,204","5,771","3,908","3,205","2,624","1,912","1,281",83922
2024년 06월,대둔산길(1),84,69,69,88,174,385,657,970,983,964,"1,044","1,006",936,"1,020","1,068","1,041","1,040","1,019",850,577,457,282,174,110,15067
2024년 06월,대학로(1),195,137,104,91,98,243,485,"1,048","1,581","1,319","1,142","1,223","1,247","1,297","1,241","1,273","1,411","1,500","1,468",990,675,551,412,272,20003
2024년 06월,배울1로,161,120,101,102,116,201,376,918,"1,161",812,704,690,712,750,748,794,918,"1,058","1,113",657,527,451,345,234,13769
2024년 06월,동서대로2,539,367,296,248,335,665,"1,266","1,913","2,575","2,402","2,233","2,151","2,108","2,246","2,290","2,391","2,643","2,788","2,733","1,992","1,787","1,538","1,155",733,39394
2024년 07월,가장로,501,367,271,228,306,610,"1,213","1,687","1,938","1,878","1,901","1,898","1,829","1,941","1,959","1,973","2,089","2,197","2,080","1,670","1,456","1,293","1,020",713,33018
2024년 07월,가정로,180,135,120,122,121,292,722,"1,643","2,581","2,065","1,261","1,619","1,568","1,456","1,278","1,444","1,813","2,459","2,234","1,291",907,705,477,277,26770
2024년 07월,계룡로,884,617,479,384,439,907,"1,737","2,859","3,399","3,313","3,226","3,294","3,203","3,400","3,377","3,428","3,549","3,757","3,707","2,957","2,679","2,436","1,895","1,249",57175
2024년 07월,계백로,790,513,370,329,400,830,"1,738","2,377","2,837","2,826","2,785","2,866","2,933","2,959","2,925","2,988","3,402","3,479","3,255","2,575","2,243","2,014","1,544","1,042",50020
2024년 07월,계족로,444,307,258,266,377,745,"1,297","1,887","2,098","1,910","1,902","1,898","1,917","1,956","1,998","2,028","2,145","2,199","2,066","1,561","1,390","1,195",920,645,33409
2024년 07월,구봉로,121,105,98,93,106,147,256,526,695,581,553,578,584,581,595,628,689,723,781,491,382,326,223,157,10019
2024년 07월,노은길,191,137,110,98,110,148,286,788,"1,000",857,773,837,894,931,916,939,"1,068","1,267","1,403",914,714,627,445,275,15728
2024년 07월,노은로,184,128,100,101,142,330,873,"2,003","2,352","1,897","1,393","1,398","1,427","1,545","1,505","1,640","2,047","2,569","2,424","1,411","1,059",851,542,290,28211
2024년 07월,대전로,474,265,226,240,300,620,"1,119","1,489","1,624","1,680","1,710","1,676","1,650","1,729","1,778","1,775","1,823","1,782","1,676","1,367","1,259","1,205",975,703,29145
2024년 07월,대종로,350,254,251,253,273,512,782,"1,184","1,467","1,371","1,414","1,458","1,520","1,630","1,664","1,626","1,705","1,742","1,724","1,208","1,045",892,708,480,25513
2024년 07월,대청길,90,69,57,57,72,145,298,566,574,528,576,654,711,746,736,710,740,748,711,533,458,330,215,135,10459
2024년 07월,동서로,674,488,397,351,458,953,"1,695","2,472","2,941","2,763","2,810","2,800","2,839","2,886","2,963","2,949","3,079","3,109","3,009","2,430","2,250","1,973","1,523","1,011",48823
2024년 07월,문지로,81,64,58,57,63,146,318,900,"1,106",695,455,523,521,532,493,563,720,917,857,463,319,242,169,106,10368
2024년 07월,문화로,191,138,113,104,146,308,582,913,"1,099","1,013","1,038","1,039","1,056","1,034","1,126","1,090","1,168","1,191","1,156",821,675,604,455,284,17344
2024년 07월,배재로,376,285,224,189,255,502,804,"1,217","1,358","1,335","1,220","1,236","1,248","1,337","1,297","1,355","1,483","1,574","1,565","1,201","1,031",945,746,518,23301
2024년 07월,벌곡길,93,74,67,77,87,177,345,725,741,647,643,620,593,657,704,729,712,819,777,408,298,221,189,103,10506
2024년 07월,보문로,234,179,141,134,199,348,715,"1,035","1,102","1,064","1,068","1,083","1,118","1,085","1,085","1,095","1,070","1,065","1,021",778,766,716,530,336,17967
2024년 07월,옥천길,118,101,92,86,115,243,487,951,"1,083",887,904,988,"1,007","1,109","1,126","1,124","1,215","1,363","1,278",732,603,416,276,162,16466
2024년 07월,우암로,171,122,105,93,159,310,516,912,"1,123",855,811,827,861,872,853,890,980,"1,096","1,150",783,647,550,434,279,15399
2024년 07월,자양로,414,311,239,203,230,393,703,"1,110","1,335","1,230","1,261","1,346","1,353","1,356","1,301","1,348","1,416","1,494","1,501","1,243","1,115",990,767,553,23212
2024년 07월,충무로,248,181,150,136,197,381,660,"1,080","1,490","1,263","1,264","1,326","1,348","1,365","1,411","1,404","1,525","1,599","1,553","1,031",949,857,575,352,22345
2024년 07월,가오동길,112,78,73,71,110,221,375,578,750,662,651,648,652,729,738,761,829,891,841,523,436,348,244,163,11484
2024년 07월,대덕대로,516,342,275,258,326,629,"1,315","2,296","2,577","2,469","2,195","2,335","2,258","2,407","2,439","2,600","2,880","3,214","2,927","2,114","1,850","1,533","1,186",738,41679
2024년 07월,도안대로,640,460,412,299,295,461,748,"1,587","1,756","1,648","1,427","1,375","1,328","1,404","1,416","1,462","1,699","1,851","1,616","1,298","1,713","1,567","1,258",923,28643
2024년 07월,도안동로,498,366,288,244,314,629,"1,314","2,257","2,448","2,128","1,856","1,792","1,795","1,889","1,946","2,069","2,201","2,250","2,226","1,660","1,466","1,303","1,008",684,34631
2024년 07월,도안중로,172,131,109,102,128,229,559,"1,013","1,285","1,080","1,004","1,060","1,095","1,105","1,155","1,232","1,374","1,432","1,423","1,036",740,624,428,265,18781
2024년 07월,둔산대로,409,258,205,205,301,771,"1,758","2,991","3,608","3,351","3,041","2,981","2,915","3,140","3,201","3,329","3,625","3,726","3,650","2,434","1,942","1,734","1,201",697,51473
2024년 07월,버드내길,487,311,254,291,434,971,"1,853","2,706","2,946","2,891","2,721","2,625","2,570","2,683","2,793","2,788","2,955","2,888","2,756","2,085","1,776","1,545","1,180",765,45274
2024년 07월,신갈마로,298,241,186,164,194,322,538,972,"1,102","1,006",912,870,900,910,911,906,"1,011","1,065","1,097",968,820,707,527,393,17020
2024년 07월,신탄진로,324,229,185,209,350,707,"1,324","2,282","2,470","1,904","1,785","1,768","1,782","1,913","1,957","2,045","2,179","2,516","2,358","1,423","1,122",895,693,503,32923
2024년 07월,엑스포로,300,201,146,131,171,394,732,"1,409","1,818","1,816","1,631","1,863","1,924","2,071","2,072","2,165","2,292","2,460","2,298","1,653","1,526","1,018",740,463,31294
2024년 07월,유성대로,387,263,209,199,242,535,"1,118","2,021","2,391","2,045","1,740","1,800","1,815","1,928","1,872","1,958","2,202","2,478","2,240","1,637","1,335","1,170",848,561,32994
2024년 07월,한밭대로,952,657,491,470,595,"1,227","2,304","3,897","4,435","4,400","4,324","4,381","4,281","4,525","4,578","4,705","4,932","5,151","4,938","3,657","3,080","2,738","2,111","1,368",74197
2024년 07월,현충원로,263,197,156,165,241,655,"1,358","2,645","2,971","2,419","2,414","2,729","2,811","2,870","2,845","2,865","3,105","3,326","3,310","1,985","1,533","1,134",728,418,43143
2024년 07월,구즉세종로,356,231,186,242,349,866,"1,977","3,232","3,274","2,442","2,030","1,816","1,788","2,041","2,066","2,195","2,673","3,461","3,290","1,930","1,534","1,256",935,554,40724
2024년 07월,북유성대로,925,607,443,400,540,"1,218","2,425","4,152","4,218","4,362","4,068","4,034","4,020","4,248","4,157","4,330","4,708","5,005","4,831","3,592","3,109","2,759","2,216","1,387",71754
2024년 07월,월드컵대로,188,152,135,129,153,470,"1,068","1,846","1,988","1,875","1,425","1,354","1,320","1,415","1,408","1,503","1,721","1,936","2,194","1,432",653,524,389,256,25534
2024년 07월,동부순환도로,80,66,61,64,87,177,373,617,802,572,517,539,551,578,554,609,696,799,784,424,254,221,146,101,9672
2024년 07월,한밭도서관길,128,91,82,80,136,306,625,"1,032","1,341","1,056","1,006","1,009",995,"1,062","1,099","1,139","1,202","1,359","1,311",802,603,502,375,248,17589
2024년 07월,갑천도시고속도로,754,480,380,502,677,"1,504","3,106","5,555","5,952","4,905","4,346","4,076","3,956","4,514","4,600","4,765","5,414","6,322","6,018","3,761","2,947","2,387","1,739","1,176",79836
2024년 07월,대둔산길(1),77,70,70,80,153,322,559,915,907,890,960,923,873,950,965,931,958,"1,010",829,535,409,263,172,113,13934
2024년 07월,대학로(1),173,126,95,87,91,228,514,"1,182","1,770","1,446","1,173","1,260","1,277","1,313","1,211","1,240","1,410","1,573","1,590",986,612,491,374,255,20477
2024년 07월,배울1로,157,116,100,104,115,199,390,"1,019","1,250",832,676,667,689,733,704,764,897,"1,097","1,225",671,513,456,343,233,13950
2024년 07월,동서대로2,513,352,282,240,326,618,"1,288","2,083","2,675","2,421","2,173","2,100","2,070","2,256","2,309","2,471","2,725","2,866","2,919","2,064","1,749","1,542","1,226",772,40040
2024년 08월,가장로,510,361,272,234,340,629,"1,198","1,703","1,921","1,879","1,957","1,944","1,870","1,964","1,971","1,992","2,113","2,192","2,048","1,710","1,475","1,260","1,015",714,33272
2024년 08월,가정로,184,135,118,112,134,287,710,"1,520","2,336","1,867","1,250","1,629","1,599","1,461","1,308","1,415","1,761","2,297","2,049","1,259",882,681,473,279,25746
2024년 08월,계룡로,908,643,484,394,462,894,"1,671","2,629","3,171","3,178","3,175","3,263","3,186","3,274","3,215","3,207","3,392","3,556","3,510","2,940","2,666","2,390","1,920","1,264",55392
2024년 08월,계백로,828,533,380,351,417,856,"1,720","2,361","2,837","2,849","2,808","2,887","2,953","2,953","2,899","2,941","3,336","3,463","3,212","2,612","2,261","1,974","1,537","1,052",50020
2024년 08월,계족로,476,318,255,252,396,738,"1,302","1,813","2,062","1,922","1,935","1,942","1,954","1,953","1,985","2,055","2,153","2,195","2,028","1,624","1,393","1,190",942,670,33553
2024년 08월,구봉로,122,107,101,94,111,150,254,473,609,571,553,582,579,563,577,606,676,704,756,503,371,304,217,150,9733
2024년 08월,노은길,189,138,112,98,114,148,283,733,958,875,819,901,945,942,922,952,"1,062","1,251","1,350",912,718,598,436,273,15729
2024년 08월,노은로,179,124,103,102,139,348,859,"1,870","2,137","1,770","1,396","1,440","1,475","1,551","1,514","1,639","2,001","2,448","2,273","1,402","1,053",810,536,283,27452
2024년 08월,대전로,551,296,250,263,327,631,"1,141","1,479","1,642","1,715","1,741","1,730","1,691","1,764","1,813","1,792","1,866","1,820","1,709","1,444","1,322","1,238","1,010",750,29985
2024년 08월,대종로,369,260,224,213,250,481,745,"1,078","1,396","1,354","1,395","1,443","1,456","1,556","1,581","1,573","1,657","1,710","1,669","1,225","1,080",923,736,495,24869
2024년 08월,대청길,93,72,58,58,79,164,318,559,577,562,613,684,747,763,747,705,728,750,716,554,442,325,227,140,10681
2024년 08월,동서로,732,512,403,367,497,"1,014","1,752","2,463","2,940","2,851","2,906","2,908","2,949","2,964","3,026","3,024","3,120","3,155","3,007","2,560","2,378","2,022","1,580","1,060",50190
2024년 08월,문지로,81,63,56,56,65,144,296,836,"1,002",640,451,522,525,515,484,547,665,841,772,434,301,228,163,104,9791
2024년 08월,문화로,238,161,125,120,173,352,631,913,"1,107","1,075","1,092","1,109","1,137","1,111","1,153","1,126","1,188","1,199","1,179",885,762,661,526,327,18350
2024년 08월,배재로,386,275,220,190,268,495,793,"1,163","1,336","1,304","1,204","1,218","1,232","1,283","1,299","1,346","1,460","1,597","1,539","1,214","1,029",909,726,503,22989
2024년 08월,벌곡길,94,73,72,77,107,220,337,682,708,623,661,637,593,655,749,778,763,811,760,431,276,214,168,106,10595
2024년 08월,보문로,246,189,151,141,217,394,703,928,"1,005","1,100","1,150","1,127","1,133","1,076","1,074","1,063","1,026","1,010","1,043",836,797,705,545,338,17997
2024년 08월,옥천길,125,100,90,89,119,277,525,920,"1,046",907,928,"1,041","1,055","1,130","1,146","1,156","1,250","1,399","1,249",768,606,406,272,172,16776
2024년 08월,우암로,178,125,103,97,167,322,533,870,"1,069",882,843,881,904,902,895,915,"1,036","1,142","1,162",818,648,541,428,283,15744
2024년 08월,자양로,433,332,252,225,255,419,720,"1,064","1,258","1,274","1,286","1,366","1,370","1,379","1,344","1,383","1,401","1,523","1,501","1,291","1,137","1,006",794,586,23599
2024년 08월,충무로,260,193,150,146,222,402,680,"1,074","1,554","1,412","1,400","1,410","1,458","1,474","1,456","1,490","1,607","1,671","1,531","1,095",962,849,597,370,23463
2024년 08월,가오동길,126,77,78,75,117,229,379,538,731,678,681,663,680,737,746,763,833,888,826,544,435,355,249,161,11589
2024년 08월,대덕대로,518,343,276,261,343,646,"1,333","2,305","2,564","2,441","2,222","2,347","2,268","2,386","2,441","2,594","2,864","3,196","2,891","2,134","1,844","1,485","1,160",726,41588
2024년 08월,도안대로,666,450,326,264,305,432,778,"1,601","1,868","1,773","1,528","1,457","1,365","1,380","1,410","1,498","1,752","1,893","1,616","1,655","1,714","1,503","1,202",868,29304
2024년 08월,도안동로,483,364,283,246,336,618,"1,292","2,174","2,445","2,156","1,889","1,843","1,821","1,903","1,962","2,056","2,168","2,211","2,189","1,670","1,434","1,255",955,649,34402
2024년 08월,도안중로,164,130,107,105,133,199,469,867,"1,061",933,902,929,985,"1,042","1,101","1,194","1,330","1,363","1,359",972,751,592,415,253,17356
2024년 08월,둔산대로,409,253,206,207,308,774,"1,745","2,877","3,490","3,328","3,057","3,046","2,970","3,186","3,222","3,335","3,561","3,683","3,538","2,444","1,930","1,678","1,157",687,51091
2024년 08월,버드내길,515,326,270,300,467,993,"1,845","2,594","2,890","2,930","2,798","2,683","2,614","2,746","2,825","2,790","2,959","2,877","2,742","2,062","1,789","1,522","1,199",789,45525
2024년 08월,신갈마로,302,240,188,165,189,315,542,975,"1,126","1,019",961,910,932,948,948,938,"1,055","1,123","1,153","1,036",823,721,525,392,17526
2024년 08월,신탄진로,335,237,193,220,374,720,"1,313","2,176","2,327","1,884","1,792","1,797","1,805","1,899","1,930","2,016","2,130","2,423","2,245","1,417","1,117",892,702,523,32467
2024년 08월,엑스포로,312,201,146,139,180,410,750,"1,346","1,744","1,750","1,651","1,887","1,956","2,099","2,111","2,213","2,283","2,411","2,227","1,712","1,549","1,012",731,458,31278
2024년 08월,유성대로,383,265,204,197,249,538,"1,111","1,920","2,256","1,982","1,766","1,837","1,856","1,927","1,861","1,912","2,142","2,389","2,144","1,618","1,317","1,110",814,534,32332
2024년 08월,한밭대로,987,672,516,494,633,"1,303","2,458","3,988","4,544","4,552","4,563","4,619","4,556","4,769","4,754","4,820","5,014","5,195","4,952","3,794","3,221","2,771","2,151","1,394",76720
2024년 08월,현충원로,269,190,162,171,274,708,"1,407","2,578","2,861","2,482","2,529","2,884","2,935","3,022","3,012","3,022","3,213","3,338","3,232","2,075","1,594","1,151",743,428,44280
2024년 08월,구즉세종로,373,233,188,256,386,871,"1,974","2,948","3,064","2,377","2,090","1,889","1,889","2,095","2,158","2,311","2,771","3,500","3,215","1,968","1,552","1,231",922,550,40811
2024년 08월,북유성대로,950,628,459,409,576,"1,298","2,500","4,125","4,276","4,445","4,263","4,197","4,204","4,301","4,239","4,451","4,722","4,967","4,775","3,664","3,137","2,734","2,189","1,369",72878
2024년 08월,월드컵대로,195,156,136,127,162,399,"1,040","1,686","1,987","1,852","1,402","1,296","1,259","1,308","1,320","1,466","1,748","1,976","2,123","1,242",640,524,402,262,24708
2024년 08월,동부순환도로,81,69,63,66,83,163,381,598,764,597,542,556,577,586,570,612,694,800,762,377,263,214,149,102,9669
2024년 08월,한밭도서관길,137,98,81,88,146,341,634,"1,012","1,325","1,096","1,038","1,073","1,017","1,098","1,120","1,153","1,234","1,344","1,295",822,615,529,398,259,17953
2024년 08월,갑천도시고속도로,807,513,405,520,751,"1,545","3,268","5,805","6,218","5,157","4,650","4,422","4,303","4,757","4,773","4,945","5,312","6,138","5,835","3,858","3,036","2,429","1,818","1,218",82483
2024년 08월,대둔산길(1),80,71,70,92,176,381,616,965,967,984,"1,103","1,062",975,"1,030","1,050","1,036","1,051","1,069",901,590,427,265,182,114,15257
2024년 08월,대학로(1),168,120,93,85,91,203,508,"1,118","1,674","1,382","1,156","1,267","1,285","1,313","1,228","1,254","1,386","1,519","1,522",874,591,462,358,243,19900
2024년 08월,배울1로,167,118,98,107,121,209,395,969,"1,176",820,696,682,709,740,714,773,910,"1,092","1,144",668,517,451,340,239,13855
2024년 08월,동서대로2,513,350,281,246,347,670,"1,303","1,960","2,625","2,496","2,296","2,207","2,182","2,285","2,307","2,456","2,665","2,813","2,835","2,130","1,695","1,462","1,135",710,39969
2024년 09월,가장로,496,368,282,244,318,633,"1,133","1,650","1,828","1,898","1,946","1,917","1,874","1,989","2,000","2,047","2,132","2,214","2,030","1,747","1,466","1,273",984,696,33165
2024년 09월,가정로,188,132,128,112,144,278,632,"1,426","2,215","1,792","1,236","1,502","1,492","1,395","1,283","1,425","1,735","2,146","1,932","1,213",853,680,467,268,24674
2024년 09월,계룡로,881,635,491,397,465,926,"1,668","2,685","3,178","3,193","3,224","3,255","3,147","3,291","3,339","3,371","3,546","3,735","3,633","3,086","2,644","2,362","1,862","1,226",56240
2024년 09월,계백로,789,520,380,338,393,836,"1,675","2,377","2,864","2,853","2,851","2,933","2,982","3,000","2,986","3,041","3,394","3,484","3,147","2,666","2,259","1,980","1,500","1,021",50269
2024년 09월,계족로,462,323,263,269,386,734,"1,260","1,799","2,018","1,932","1,965","1,976","1,984","2,035","2,058","2,111","2,208","2,145","2,014","1,648","1,384","1,185",930,660,33749
2024년 09월,구봉로,119,105,101,93,103,150,257,492,636,553,564,575,605,611,622,647,729,715,741,506,350,296,212,156,9938
2024년 09월,노은길,181,134,108,97,107,149,275,735,932,862,828,886,935,954,932,972,"1,070","1,223","1,315",922,697,583,419,260,15576
2024년 09월,노은로,181,126,103,102,137,330,785,"1,777","2,075","1,761","1,435","1,430","1,457","1,556","1,578","1,702","2,041","2,352","2,103","1,463","1,018",815,528,283,27138
2024년 09월,대전로,493,286,238,244,306,602,"1,068","1,410","1,563","1,629","1,692","1,673","1,635","1,714","1,749","1,774","1,797","1,754","1,663","1,429","1,283","1,183",963,691,28839
2024년 09월,대종로,357,267,232,202,238,489,730,"1,087","1,329","1,338","1,471","1,506","1,541","1,625","1,645","1,683","1,759","1,721","1,676","1,264","1,040",922,720,495,25337
2024년 09월,대청길,103,75,60,58,73,152,316,595,620,603,660,721,775,802,812,814,811,787,721,524,396,317,222,140,11157
2024년 09월,동서로,705,525,418,371,477,999,"1,694","2,395","2,830","2,825","2,917","2,893","2,966","2,991","3,068","3,057","3,155","3,074","3,017","2,642","2,311","2,002","1,553","1,037",49922
2024년 09월,문지로,80,63,57,56,63,138,278,776,944,631,438,502,506,501,484,544,672,816,745,440,296,231,164,108,9533
2024년 09월,문화로,218,157,120,113,165,334,570,871,"1,026","1,036","1,091","1,109","1,144","1,123","1,169","1,122","1,160","1,119","1,086",873,749,649,513,310,17827
2024년 09월,배재로,399,298,234,194,256,486,802,"1,213","1,343","1,379","1,289","1,285","1,306","1,381","1,376","1,433","1,498","1,611","1,517","1,251","1,074",948,750,528,23851
2024년 09월,벌곡길,90,80,69,74,91,173,334,663,758,678,722,737,694,764,834,879,854,885,800,441,262,213,171,110,11376
2024년 09월,보문로,239,179,152,132,195,374,656,963,917,"1,020","1,081","1,099","1,093","1,077","1,051","1,042",986,"1,043","1,014",888,772,684,502,331,17490
2024년 09월,옥천길,124,104,88,89,115,263,500,932,"1,082",950,985,"1,114","1,113","1,214","1,235","1,260","1,361","1,414","1,224",773,555,401,263,163,17322
2024년 09월,우암로,181,129,109,100,156,305,523,872,"1,079",886,867,881,911,940,935,983,"1,057","1,153","1,163",824,633,530,425,279,15921
2024년 09월,자양로,433,334,250,212,247,408,678,"1,051","1,294","1,278","1,308","1,395","1,416","1,423","1,366","1,433","1,467","1,535","1,519","1,296","1,131",992,787,579,23832
2024년 09월,충무로,260,197,158,147,203,404,666,"1,048","1,460","1,348","1,346","1,429","1,451","1,509","1,467","1,462","1,539","1,502","1,511","1,145",919,827,572,352,22922
2024년 09월,가오동길,121,80,75,70,104,210,347,527,679,652,690,687,697,769,776,807,856,895,817,544,420,354,249,157,11583
2024년 09월,대덕대로,543,366,297,282,347,665,"1,322","2,356","2,670","2,516","2,329","2,404","2,353","2,506","2,579","2,749","3,019","3,215","2,859","2,346","1,926","1,563","1,213",769,43194
2024년 09월,도안대로,626,451,338,271,296,476,904,"1,656","2,075","2,016","1,843","1,813","1,806","1,902","1,973","2,033","2,280","2,317","2,323","1,971","1,641","1,448","1,152",832,34443
2024년 09월,도안동로,470,354,279,247,319,586,"1,214","2,093","2,347","2,179","1,907","1,861","1,840","1,960","2,070","2,143","2,220","2,232","2,128","1,702","1,398","1,251",951,640,34391
2024년 09월,도안중로,169,129,111,104,128,180,452,933,"1,146",882,879,891,961,"1,033","1,100","1,212","1,331","1,349","1,304",941,714,590,406,260,17205
2024년 09월,둔산대로,410,266,218,213,305,734,"1,637","2,802","3,305","3,222","3,053","2,979","2,919","3,146","3,231","3,331","3,561","3,627","3,507","2,538","1,947","1,763","1,190",679,50583
2024년 09월,버드내길,501,327,267,298,451,954,"1,743","2,540","2,768","2,841","2,809","2,679","2,618","2,742","2,860","2,812","2,965","2,818","2,618","2,075","1,814","1,545","1,180",777,45002
2024년 09월,신갈마로,309,245,201,167,206,338,585,"1,049","1,176","1,064",993,997,"1,021","1,051","1,025","1,047","1,148","1,203","1,282","1,034",830,715,535,400,18621
2024년 09월,신탄진로,340,246,202,223,361,688,"1,253","2,093","2,269","1,889","1,853","1,863","1,859","1,964","2,030","2,100","2,195","2,423","2,214","1,456","1,114",899,712,522,32768
2024년 09월,엑스포로,299,197,148,139,170,399,700,"1,288","1,642","1,710","1,607","1,800","1,877","2,007","2,029","2,115","2,206","2,280","2,109","1,709","1,476",958,701,438,30004
2024년 09월,유성대로,384,271,211,201,244,525,"1,041","1,869","2,200","1,988","1,792","1,828","1,849","1,959","1,909","2,001","2,311","2,245","2,101","1,671","1,301","1,126",830,545,32402
2024년 09월,한밭대로,989,692,532,497,619,"1,248","2,347","3,916","4,408","4,547","4,586","4,590","4,554","4,809","4,814","4,892","5,009","5,122","4,798","3,888","3,227","2,810","2,146","1,399",76439
2024년 09월,현충원로,260,188,157,171,242,669,"1,335","2,574","2,974","2,598","2,624","2,872","2,953","3,036","2,967","3,010","3,150","3,297","3,001","2,010","1,486","1,122",745,428,43869
2024년 09월,구즉세종로,370,233,194,249,350,848,"1,832","2,776","2,941","2,402","2,145","2,018","2,014","2,214","2,302","2,458","2,970","3,549","3,062","2,077","1,570","1,247",939,557,41317
2024년 09월,북유성대로,939,627,476,419,547,"1,209","2,334","3,786","3,952","4,127","4,025","3,977","3,971","4,049","4,073","4,229","4,429","4,504","4,236","3,502","2,933","2,620","2,072","1,341",68377
2024년 09월,월드컵대로,204,165,143,135,164,296,952,"1,623","1,848","1,828","1,316","1,227","1,214","1,306","1,380","1,590","1,866","2,011","2,001","1,120",660,564,416,274,24303
2024년 09월,동부순환도로,84,70,64,63,86,149,331,571,814,588,559,568,580,612,609,647,748,799,639,341,277,238,162,110,9709
2024년 09월,한밭도서관길,132,97,85,88,139,315,602,933,"1,279","1,092","1,055","1,063","1,031","1,138","1,146","1,199","1,258","1,359","1,273",840,593,516,381,250,17864
2024년 09월,갑천도시고속도로,783,520,409,522,713,"1,491","3,079","5,444","5,863","4,998","4,517","4,334","4,259","4,718","4,787","4,924","5,263","5,941","5,525","3,871","3,001","2,373","1,760","1,184",80279
2024년 09월,대둔산길(1),80,71,74,94,152,338,588,908,901,869,976,977,923,970,"1,015",972,999,984,806,533,362,243,164,104,14103
2024년 09월,대학로(1),168,124,95,86,91,172,451,"1,043","1,599","1,361","1,153","1,203","1,236","1,272","1,212","1,217","1,355","1,465","1,343",733,582,458,359,241,19019
2024년 09월,배울1로,156,122,103,110,127,211,385,959,"1,162",811,684,660,701,752,737,816,933,"1,087","1,116",701,508,439,325,227,13832
2024년 09월,동서대로2,515,363,287,248,322,655,"1,275","2,011","2,604","2,418","2,261","2,165","2,155","2,278","2,326","2,509","2,749","2,819","2,853","2,367","1,889","1,587","1,135",723,40514
2024년 10월,가장로,486,351,272,232,314,625,"1,136","1,612","1,854","1,849","1,858","1,833","1,784","1,872","1,907","1,979","2,071","2,130","1,990","1,665","1,377","1,218",947,669,32031
2024년 10월,가정로,190,135,119,117,131,272,636,"1,412","2,201","1,861","1,254","1,492","1,495","1,399","1,304","1,434","1,743","2,183","1,957","1,203",826,662,459,281,24766
2024년 10월,계룡로,873,630,496,403,476,945,"1,750","2,720","3,190","3,282","3,247","3,280","3,176","3,408","3,451","3,488","3,648","3,810","3,683","3,102","2,624","2,327","1,804","1,215",57028
2024년 10월,계백로,787,515,381,342,397,827,"1,657","2,432","2,897","2,877","2,839","2,905","2,987","2,999","2,955","3,025","3,391","3,468","3,193","2,662","2,220","1,951","1,488","1,013",50208
2024년 10월,계족로,457,313,266,261,365,736,"1,254","1,819","2,010","1,930","1,928","1,918","1,946","2,018","2,055","2,120","2,177","2,166","2,038","1,616","1,374","1,163",909,643,33482
2024년 10월,구봉로,118,105,100,93,112,145,249,463,617,532,524,534,543,566,587,624,685,716,765,474,338,285,206,148,9529
2024년 10월,노은길,186,134,112,97,108,148,269,727,916,859,806,878,927,942,918,961,"1,068","1,186","1,283",909,679,568,416,256,15353
2024년 10월,노은로,182,124,103,101,138,334,719,"1,749","2,100","1,806","1,427","1,413","1,444","1,553","1,577","1,712","2,071","2,325","2,183","1,418","1,006",786,526,281,27078
2024년 10월,대전로,482,276,236,244,298,601,"1,064","1,443","1,596","1,653","1,691","1,659","1,609","1,705","1,757","1,765","1,822","1,787","1,680","1,411","1,259","1,169",940,698,28845
2024년 10월,대종로,359,262,226,196,246,507,792,"1,130","1,390","1,376","1,443","1,488","1,482","1,593","1,630","1,579","1,729","1,691","1,724","1,232","1,036",900,707,484,25202
2024년 10월,대청길,88,71,61,58,70,128,289,570,622,622,671,729,778,820,828,839,828,792,695,476,373,304,201,131,11044
2024년 10월,동서로,686,504,414,363,490,"1,038","1,763","2,443","2,904","2,865","2,933","2,878","2,940","2,951","3,045","3,029","3,139","3,098","3,095","2,616","2,277","1,950","1,497","1,012",49930
2024년 10월,문지로,80,65,59,58,64,133,281,788,974,651,456,503,514,527,506,541,679,845,749,439,295,227,163,110,9707
2024년 10월,문화로,212,152,125,109,174,350,572,852,982,"1,006","1,051","1,066","1,126","1,117","1,126","1,076","1,142","1,122","1,111",841,729,622,481,311,17455
2024년 10월,배재로,385,295,230,191,256,492,835,"1,244","1,395","1,448","1,276","1,253","1,275","1,366","1,367","1,417","1,536","1,614","1,520","1,209","1,042",930,726,522,23824
2024년 10월,벌곡길,85,80,70,73,86,152,321,639,720,654,710,723,693,749,816,849,885,971,892,387,240,190,163,107,11255
2024년 10월,보문로,234,173,142,128,193,366,649,958,977,"1,059","1,094","1,079","1,100","1,100","1,063","1,063","1,073","1,100","1,069",854,738,626,469,320,17627
2024년 10월,옥천길,118,99,90,87,106,235,463,899,"1,073",940,957,"1,023","1,036","1,162","1,224","1,310","1,418","1,409","1,249",707,509,366,251,154,16885
2024년 10월,우암로,175,128,108,99,162,309,521,873,"1,091",887,867,874,904,918,924,972,"1,086","1,174","1,180",780,603,513,412,273,15833
2024년 10월,자양로,437,328,263,225,258,428,680,"1,059","1,340","1,297","1,287","1,379","1,398","1,405","1,359","1,389","1,452","1,541","1,525","1,273","1,115",958,759,568,23723
2024년 10월,충무로,245,183,150,150,208,409,702,"1,088","1,468","1,374","1,340","1,405","1,395","1,460","1,467","1,473","1,476","1,496","1,504","1,084",840,695,484,341,22437
2024년 10월,가오동길,120,77,76,68,114,215,362,577,717,664,656,648,659,736,756,796,869,891,805,508,393,332,247,153,11439
2024년 10월,대덕대로,544,375,299,284,355,678,"1,309","2,342","2,755","2,683","2,419","2,508","2,462","2,651","2,726","2,900","3,167","3,368","3,103","2,433","1,955","1,585","1,224",765,44890
2024년 10월,도안대로,619,454,341,277,294,479,919,"1,650","2,083","2,132","1,896","1,879","1,895","1,994","2,023","2,090","2,303","2,441","2,430","1,935","1,623","1,428","1,139",812,35136
2024년 10월,도안동로,457,351,272,239,319,588,"1,206","2,083","2,355","2,242","1,940","1,854","1,839","1,961","2,080","2,134","2,255","2,274","2,175","1,632","1,356","1,202",895,625,34334
2024년 10월,도안중로,167,126,110,102,127,180,418,923,"1,158",959,863,896,969,"1,031","1,069","1,166","1,275","1,356","1,218",903,680,552,391,248,16887
2024년 10월,둔산대로,412,268,216,214,315,727,"1,632","2,788","3,363","3,357","3,111","3,016","3,011","3,237","3,362","3,457","3,722","3,791","3,567","2,504","1,902","1,685","1,164",672,51493
2024년 10월,버드내길,514,333,280,315,475,988,"1,813","2,634","2,887","2,929","2,832","2,696","2,646","2,785","2,885","2,859","3,021","2,901","2,639","2,107","1,819","1,541","1,197",781,45877
2024년 10월,신갈마로,323,256,208,171,214,336,572,999,"1,181","1,100","1,043","1,022","1,048","1,078","1,087","1,098","1,201","1,275","1,255",993,818,708,545,409,18940
2024년 10월,신탄진로,329,237,210,223,350,688,"1,247","2,118","2,301","1,908","1,839","1,833","1,859","1,983","2,043","2,126","2,229","2,467","2,213","1,399","1,074",860,679,509,32724
2024년 10월,엑스포로,294,195,155,135,167,396,702,"1,310","1,719","1,797","1,646","1,824","1,897","2,046","2,088","2,180","2,272","2,340","2,230","1,714","1,465",938,704,432,30646
2024년 10월,유성대로,391,279,218,204,247,517,"1,030","1,886","2,283","2,145","1,852","1,888","1,896","2,029","1,997","2,102","2,257","2,331","2,328","1,709","1,299","1,130",832,549,33399
2024년 10월,한밭대로,978,688,541,499,632,"1,254","2,322","3,934","4,513","4,661","4,631","4,591","4,562","4,818","4,819","4,919","5,090","5,146","4,858","3,865","3,146","2,727","2,096","1,363",76653
2024년 10월,현충원로,258,186,160,172,238,621,"1,312","2,552","3,061","2,771","2,705","2,874","2,925","3,064","3,082","3,160","3,215","3,167","3,083","2,075","1,432","1,101",728,422,44364
2024년 10월,구즉세종로,379,230,196,257,372,867,"1,910","3,013","3,078","2,452","2,107","1,993","1,995","2,214","2,293","2,496","2,920","3,551","3,193","2,061","1,554","1,214",918,553,41816
2024년 10월,북유성대로,939,640,475,431,568,"1,266","2,354","3,820","4,008","4,178","3,991","3,934","3,899","4,015","4,051","4,220","4,517","4,559","4,340","3,519","2,903","2,584","2,033","1,316",68560
2024년 10월,월드컵대로,204,168,145,136,175,290,839,"1,658","1,869","1,547","1,234","1,173","1,207","1,321","1,353","1,605","1,885","2,112","1,819","1,101",660,533,410,256,23700
2024년 10월,동부순환도로,80,69,64,65,85,146,272,577,783,602,545,558,565,584,586,645,733,746,498,330,277,243,158,112,9323
2024년 10월,한밭도서관길,127,94,86,84,135,315,611,982,"1,297","1,121","1,055","1,060","1,045","1,140","1,170","1,209","1,292","1,402","1,285",800,565,495,372,234,17976
2024년 10월,갑천도시고속도로,812,528,425,542,742,"1,547","3,143","5,605","6,061","5,206","4,732","4,527","4,458","4,953","4,967","5,166","5,642","6,369","5,732","4,008","3,084","2,446","1,786","1,205",83686
2024년 10월,대둔산길(1),78,69,81,95,159,334,579,940,961,900,937,941,902,992,"1,041","1,027","1,015","1,018",843,485,332,232,162,115,14238
2024년 10월,대학로(1),170,122,99,85,92,166,391,"1,029","1,600","1,395","1,175","1,251","1,284","1,315","1,265","1,234","1,375","1,480","1,150",738,588,468,358,233,19063
2024년 10월,배울1로,157,118,103,107,125,214,374,953,"1,165",823,695,672,714,759,735,827,928,"1,082","1,132",677,491,430,320,225,13826
2024년 10월,동서대로2,512,367,293,255,331,651,"1,273","1,954","2,552","2,415","2,234","2,165","2,145","2,306","2,349","2,526","2,823","2,907","3,055","2,306","1,873","1,524","1,109",712,40637
