MTDT_INDEX,DTCT_UID,ROAD_POTHOLE,ROAD_CRACK,PLC_LTTD,PLC_LGTD,ROAD_INFO,DSTA_LGLD_INFO,DSTA_ADSTRD_INFO,IMG_CONF
13839,RAD05_240405095632_14632,1,0,36.3549639,127.3449165,대전광역시 유성구 봉명동 574,봉명동,온천1동,₩0
13822,RAD05_240405094235_13905,1,0,36.3572883,127.3407322,대전광역시 유성구 봉명동 531,봉명동,온천1동,₩0
13793,RAD05_240405093040_13477,1,0,36.3561963,127.3328358,대전광역시 유성구 구암동 631,구암동,온천1동,₩0
13735,RAD05_240405083601_12768,1,0,36.3558867,127.3403145,대전광역시 유성구 봉명동 442-10,봉명동,온천1동,₩0
13724,RAD05_240405082713_12088,1,0,36.3545695,127.3502054,대전광역시 유성구 봉명동 700,봉명동,온천1동,₩0
13722,RAD05_240405082710_12059,1,0,36.3543671,127.3499997,대전광역시 유성구 봉명동 700,봉명동,온천1동,₩0
13663,RAD05_240405075329_11428,1,0,36.3549855,127.3450262,대전광역시 유성구 봉명동 574,봉명동,온천1동,₩0
13613,RAD05_240405074120_10100,1,0,36.3437096,127.3222882,대전광역시 유성구 복용동 산 14-18,복용동,상대동,₩0
13606,RAD05_240405073049_9638,1,0,36.3449841,127.2959546,대전광역시 유성구 계산동 242,계산동,학하동,₩0
13503,RAD05_240404151934_8498,1,0,36.3814433,127.3244746,대전광역시 유성구 죽동 648,죽동,노은2동,₩0
13502,RAD05_240404151929_8459,1,0,36.3815636,127.3249248,대전광역시 유성구 죽동 648,죽동,노은2동,₩0
13450,RAD05_240404135731_6421,1,0,36.3432979,127.2990918,대전광역시 유성구 계산동 719,계산동,학하동,₩0
13449,RAD05_240404135726_6409,1,0,36.3431311,127.2993334,대전광역시 유성구 계산동 781,계산동,학하동,₩0
13398,RAD05_240404101331_5544,1,0,36.309786,127.3080341,대전광역시 유성구 교촌동 422-1,교촌동,진잠동,₩0
13393,RAD05_240404100340_4912,1,0,36.3505537,127.3371626,대전광역시 유성구 구암동 641,구암동,온천1동,₩0
13368,RAD05_240404094447_3940,1,0,36.3523244,127.3382727,대전광역시 유성구 봉명동 528,봉명동,온천1동,₩0
13348,RAD05_240404070707_3244,1,0,36.3292556,127.312099,대전광역시 유성구 용계동 412-6,용계동,진잠동,₩0
13331,RAD05_240404065304_2542,1,0,36.2999016,127.3199788,대전광역시 유성구 원내동 735,원내동,진잠동,₩0
13304,RAD05_240404061634_2393,1,0,36.3002815,127.3201086,대전광역시 유성구 원내동 738,원내동,진잠동,₩0
13303,RAD05_240404061624_2382,1,0,36.2998383,127.3201286,대전광역시 유성구 원내동 735,원내동,진잠동,₩0
13130,RAD05_240403162432_218,1,0,36.3578388,127.3398481,대전광역시 유성구 장대동 373,장대동,온천2동,₩0
11609,RAD05_240323081316_7232,1,0,36.3560259,127.3424678,대전광역시 유성구 봉명동 574,봉명동,온천1동,₩0
11568,RAD05_240323073155_6899,1,0,36.3523203,127.3337203,대전광역시 유성구 구암동 636,구암동,온천1동,₩0
11533,RAD05_240323064504_5338,1,0,36.3414286,127.3054769,대전광역시 유성구 학하동 793,학하동,학하동,₩0
11512,RAD05_240323061633_4755,1,0,36.350817,127.3350351,대전광역시 유성구 구암동 641,구암동,온천1동,₩0
11465,RAD05_240322164848_4038,1,0,36.3814009,127.3243568,대전광역시 유성구 죽동 636,죽동,노은2동,₩0
11464,RAD05_240322164843_4022,1,0,36.3815173,127.3247269,대전광역시 유성구 죽동 648,죽동,노은2동,₩0
11434,RAD05_240322154235_3204,1,0,36.3554654,127.3417732,대전광역시 유성구 봉명동 574,봉명동,온천1동,₩0
11431,RAD05_240322153940_3003,1,0,36.355049,127.3450638,대전광역시 유성구 봉명동 574,봉명동,온천1동,₩0
11386,RAD05_240322140859_2482,1,0,36.3507567,127.335642,대전광역시 유성구 구암동 641,구암동,온천1동,₩0
11382,RAD05_240322140317_2294,1,0,36.3486765,127.3455379,대전광역시 유성구 봉명동 1062,봉명동,원신흥동,₩0
11065,RAD05_240321141629_20305,1,0,36.3520733,127.3301716,대전광역시 유성구 구암동 641,구암동,온천1동,₩0
10742,RAD05_240321065046_16053,1,0,36.3226052,127.3187533,대전광역시 유성구 용계동 332-8,용계동,진잠동,₩0
10501,RAD05_240320103326_14812,1,0,36.3418338,127.3046393,대전광역시 유성구 계산동 807,계산동,학하동,₩0
9826,RAD05_240319145332_9430,1,0,36.3569953,127.3533698,대전광역시 유성구 봉명동 697,봉명동,온천1동,₩0
9602,RAD05_240319083636_7256,1,0,36.3554982,127.3411926,대전광역시 유성구 봉명동 574-1,봉명동,온천1동,₩0
9600,RAD05_240319083427_7217,1,0,36.3552217,127.3431073,대전광역시 유성구 봉명동 574,봉명동,온천1동,₩0
9499,RAD05_240319070634_4947,1,0,36.3418344,127.3026135,대전광역시 유성구 계산동 781,계산동,학하동,₩0
9428,RAD05_240318155052_4249,1,0,36.3814008,127.3244028,대전광역시 유성구 죽동 636,죽동,노은2동,₩0
9380,RAD05_240318153458_2381,1,0,36.3549347,127.3449815,대전광역시 유성구 봉명동 574,봉명동,온천1동,₩0
9183,RAD05_240317074548_16619,1,0,36.3560019,127.3327262,대전광역시 유성구 구암동 631,구암동,온천1동,₩0
9170,RAD05_240317074237_16346,1,0,36.3443497,127.3229261,대전광역시 유성구 복용동 152-8,복용동,상대동,₩0
9157,RAD05_240317072157_15726,1,0,36.3597735,127.3048581,대전광역시 유성구 덕명동 570,덕명동,학하동,₩0
9135,RAD05_240317065722_14444,1,0,36.3152067,127.3163994,대전광역시 유성구 대정동 507-13,대정동,진잠동,₩0
9132,RAD05_240317065604_14375,1,0,36.3119104,127.319966,대전광역시 유성구 대정동 274,대정동,진잠동,₩0
9131,RAD05_240317065602_14350,1,0,36.311828,127.3199157,대전광역시 유성구 대정동 274,대정동,진잠동,₩0
9130,RAD05_240317065601_14338,1,0,36.3118023,127.3198672,대전광역시 유성구 대정동 274,대정동,진잠동,₩0
9129,RAD05_240317065600_14326,1,0,36.3117916,127.3198028,대전광역시 유성구 대정동 274,대정동,진잠동,₩0
8961,RAD05_240316074406_12368,1,0,36.354661,127.3467751,대전광역시 유성구 봉명동 574,봉명동,온천1동,₩0
8960,RAD05_240316074350_12333,1,0,36.3548934,127.3450196,대전광역시 유성구 봉명동 574,봉명동,온천1동,₩0
8959,RAD05_240316074350_12328,1,0,36.3548995,127.3449595,대전광역시 유성구 봉명동 574,봉명동,온천1동,₩0
8941,RAD05_240316073514_11828,1,0,36.3545529,127.3348949,대전광역시 유성구 봉명동 571,봉명동,온천1동,₩0
8940,RAD05_240316073452_11769,1,0,36.3542035,127.3362397,대전광역시 유성구 봉명동 567-16,봉명동,온천1동,₩0
8912,RAD05_240316070521_11649,1,0,36.3544591,127.3388065,대전광역시 유성구 봉명동 448-10,봉명동,온천1동,₩0
8113,RAD05_240315095808_4039,1,0,36.3441886,127.3075019,대전광역시 유성구 복용동 629,복용동,학하동,₩0
7700,RAD05_240308151005_0,1,0,36.2669382,127.284043,대전광역시 유성구 방동 623-4,방동,진잠동,₩0
7692,RAD05_240308144759_1160,1,0,36.3136688,127.3304695,대전광역시 유성구 대정동 679-1,대정동,진잠동,₩0
7691,RAD05_240308144758_1158,1,0,36.3137196,127.3305908,대전광역시 유성구 대정동 679-1,대정동,진잠동,₩0
7656,RAD05_240308102833_24380,1,0,36.3440671,127.2982349,대전광역시 유성구 계산동 775,계산동,학하동,₩0
7521,RAD05_240308065107_19396,1,0,36.3012434,127.3202818,대전광역시 유성구 원내동 781,원내동,진잠동,₩0
7483,RAD05_240307154256_18262,1,0,36.3559006,127.3404032,대전광역시 유성구 봉명동 442-10,봉명동,온천1동,₩0
7478,RAD05_240307153659_18214,1,0,36.3558762,127.3406803,대전광역시 유성구 봉명동 442-15,봉명동,온천1동,₩0
7470,RAD05_240307151551_0,1,0,36.3553716,127.341559,대전광역시 유성구 봉명동 574,봉명동,온천1동,₩0
7418,RAD05_240307104858_0,1,0,36.3542852,127.3416156,대전광역시 유성구 봉명동 576,봉명동,온천1동,₩0
7409,RAD05_240307100844_16076,1,0,36.3554147,127.3414465,대전광역시 유성구 봉명동 574,봉명동,온천1동,₩0
7396,RAD05_240307095031_15621,1,0,36.3559003,127.3402426,대전광역시 유성구 봉명동 442-11,봉명동,온천1동,₩0
7389,RAD05_240307094307_15311,1,0,36.3551934,127.3451278,대전광역시 유성구 봉명동 574,봉명동,온천1동,₩0
7388,RAD05_240307094306_0,1,0,36.3552479,127.3451532,대전광역시 유성구 봉명동 574,봉명동,온천1동,₩0
7171,RAD05_240306150421_3468,1,0,36.313541,127.3199752,대전광역시 유성구 대정동 318,대정동,진잠동,₩0
6887,RAD05_240305161204_2593,1,0,36.3552856,127.3428943,대전광역시 유성구 봉명동 574-2,봉명동,온천1동,₩0
6396,RAD05_240304135911_2761,1,0,36.3521,127.3302716,대전광역시 유성구 구암동 641,구암동,온천1동,₩0
6082,RAD05_240304114808_1117,1,0,36.3535651,127.3308599,대전광역시 유성구 구암동 633,구암동,온천1동,₩0
6058,RAD05_240304113743_44,1,0,36.3570842,127.3400607,대전광역시 유성구 봉명동 528,봉명동,온천1동,₩0
6036,RAD05_240302082932_95,1,0,36.3415461,127.3050923,대전광역시 유성구 계산동 803-11,계산동,학하동,₩0
14082,RAD04_240406084731_24693,1,0,36.3683385,127.3179907,대전광역시 유성구 노은동 583,노은동,노은1동,₩0
14081,RAD04_240406084723_24677,1,0,36.3674616,127.3179857,대전광역시 유성구 노은동 583,노은동,노은1동,₩0
14066,RAD04_240406083154_23931,1,0,36.3655765,127.3176949,대전광역시 유성구 노은동 611,노은동,노은1동,₩0
13964,RAD04_240405152911_16890,1,0,36.3904063,127.3055335,대전광역시 유성구 반석동 716,반석동,노은3동,₩0
13949,RAD04_240405152217_16629,1,0,36.392619,127.3114878,대전광역시 유성구 반석동 676,반석동,노은3동,₩0
13925,RAD04_240405141111_15750,1,0,36.3675465,127.3179908,대전광역시 유성구 노은동 583,노은동,노은1동,₩0
13923,RAD04_240405141002_15690,1,0,36.367097,127.3197021,대전광역시 유성구 노은동 612,노은동,노은1동,₩0
13879,RAD04_240405102153_13375,1,0,36.3918426,127.3109502,대전광역시 유성구 반석동 674,반석동,노은3동,₩0
13761,RAD04_240405085926_11378,1,0,36.3731749,127.3193698,대전광역시 유성구 지족동 965,지족동,노은1동,₩0
13760,RAD04_240405085921_11352,1,0,36.3729046,127.3193593,대전광역시 유성구 지족동 965,지족동,노은1동,₩0
13729,RAD04_240405083026_9861,1,0,36.3626549,127.3345486,대전광역시 유성구 장대동 144-3,장대동,온천2동,₩0
13718,RAD04_240405082018_9280,1,0,36.381661,127.3434033,대전광역시 유성구 신성동 산 40-28,신성동,신성동,₩0
13697,RAD04_240405080733_8474,1,0,36.3578944,127.3361749,대전광역시 유성구 장대동 293,장대동,온천2동,₩0
13509,RAD04_240404152119_4875,1,0,36.3815258,127.3247809,대전광역시 유성구 죽동 648,죽동,노은2동,₩0
13500,RAD04_240404151738_4676,1,0,36.3813227,127.3242128,대전광역시 유성구 죽동 636,죽동,노은2동,₩0
13491,RAD04_240404151559_4523,1,0,36.3850582,127.3207258,대전광역시 유성구 하기동 585,하기동,노은2동,₩0
13446,RAD04_240404135419_2090,1,0,36.3564434,127.3366242,대전광역시 유성구 봉명동 496-16,봉명동,온천1동,₩0
13433,RAD04_240404103803_1280,1,0,36.3908181,127.3317364,대전광역시 유성구 하기동 603,하기동,노은2동,₩0
13416,RAD04_240404102950_520,1,0,36.3813703,127.3243784,대전광역시 유성구 죽동 636,죽동,노은2동,₩0
13415,RAD04_240404102936_509,1,0,36.3815311,127.3248495,대전광역시 유성구 죽동 648,죽동,노은2동,₩0
13325,RAD04_240404064046_1814,1,0,36.3618602,127.357509,대전광역시 유성구 어은동 59-12,어은동,온천2동,₩0
12611,RAD04_240326151907_41340,1,0,36.3924971,127.311814,대전광역시 유성구 반석동 689,반석동,노은3동,₩0
12606,RAD04_240326151717_41252,1,0,36.393572,127.3126234,대전광역시 유성구 반석동 625-3,반석동,노은3동,₩0
12605,RAD04_240326151707_41226,1,0,36.3936933,127.3127063,대전광역시 유성구 반석동 687,반석동,노은3동,₩0
12519,RAD04_240326142651_39053,1,0,36.3630034,127.3350653,대전광역시 유성구 장대동 328-1,장대동,온천2동,₩0
12420,RAD04_240326102411_37343,1,0,36.3615256,127.3367959,대전광역시 유성구 장대동 352-3,장대동,온천2동,₩0
12362,RAD04_240326091248_36527,1,0,36.3667207,127.3224166,대전광역시 유성구 노은동 612,노은동,노은1동,₩0
12353,RAD04_240326085820_36203,1,0,36.3638067,127.3142335,대전광역시 유성구 노은동 603,노은동,노은1동,₩0
12345,RAD04_240326084911_35709,1,0,36.3686205,127.3177944,대전광역시 유성구 노은동 583,노은동,노은1동,₩0
12341,RAD04_240326084811_35649,1,0,36.3716754,127.3178069,대전광역시 유성구 노은동 583,노은동,노은1동,₩0
12336,RAD04_240326084714_35605,1,0,36.3718373,127.3157645,대전광역시 유성구 노은동 570,노은동,노은1동,₩0
12331,RAD04_240326084654_35489,1,0,36.3707474,127.3153722,대전광역시 유성구 노은동 570,노은동,노은1동,₩0
12330,RAD04_240326084653_35486,1,0,36.3706973,127.3153428,대전광역시 유성구 노은동 570,노은동,노은1동,₩0
12328,RAD04_240326084643_35421,1,0,36.3702105,127.3150465,대전광역시 유성구 노은동 570,노은동,노은1동,₩0
12311,RAD04_240326082922_34898,1,0,36.3654503,127.3226331,대전광역시 유성구 노은동 613,노은동,노은1동,₩0
12301,RAD04_240326082512_34657,1,0,36.3649255,127.3377002,대전광역시 유성구 장대동 302,장대동,온천2동,₩0
12224,RAD04_240326073349_31417,1,0,36.361462,127.3435213,대전광역시 유성구 궁동 479-5,궁동,온천2동,₩0
12137,RAD04_240325153706_29568,1,0,36.3929096,127.3114241,대전광역시 유성구 반석동 676,반석동,노은3동,₩0
12136,RAD04_240325153704_29561,1,0,36.3928438,127.311452,대전광역시 유성구 반석동 676,반석동,노은3동,₩0
12134,RAD04_240325153654_29548,1,0,36.3926193,127.3115274,대전광역시 유성구 반석동 676,반석동,노은3동,₩0
11964,RAD04_240325143258_26754,1,0,36.3633894,127.3158492,대전광역시 유성구 노은동 603,노은동,노은1동,₩0
11963,RAD04_240325143220_26735,1,0,36.3637051,127.3156038,대전광역시 유성구 노은동 557-6,노은동,노은1동,₩0
11956,RAD04_240325142308_26428,1,0,36.3663302,127.3155315,대전광역시 유성구 노은동 553-2,노은동,노은1동,₩0
11952,RAD04_240325141948_26250,1,0,36.3669699,127.3194037,대전광역시 유성구 노은동 612,노은동,노은1동,₩0
11912,RAD04_240325135747_25202,1,0,36.3602831,127.3475871,대전광역시 유성구 궁동 491,궁동,온천2동,₩0
11911,RAD04_240325135545_25139,1,0,36.3609922,127.3458582,대전광역시 유성구 궁동 485,궁동,온천2동,₩0
11910,RAD04_240325135532_25123,1,0,36.3610807,127.3456344,대전광역시 유성구 궁동 486-4,궁동,온천2동,₩0
11907,RAD04_240325135241_25026,1,0,36.3569944,127.3427585,대전광역시 유성구 봉명동 574,봉명동,온천1동,₩0
11890,RAD04_240325103315_23730,1,0,36.4102501,127.3002342,대전광역시 유성구 안산동 227-2,안산동,노은2동,₩0
11883,RAD04_240325102230_23489,1,0,36.4034926,127.3104053,대전광역시 유성구 외삼동 407-2,외삼동,노은2동,₩0
11879,RAD04_240325101801_23451,1,0,36.4034698,127.3102407,대전광역시 유성구 외삼동 408-1,외삼동,노은2동,₩0
11877,RAD04_240325101633_23422,1,0,36.3988263,127.3146315,대전광역시 유성구 외삼동 574-5,외삼동,노은2동,₩0
11876,RAD04_240325101627_0,1,0,36.3986833,127.3149461,대전광역시 유성구 외삼동 574-5,외삼동,노은2동,₩0
11872,RAD04_240325100815_23269,1,0,36.3967094,127.312959,대전광역시 유성구 외삼동 587,외삼동,노은2동,₩0
11870,RAD04_240325100642_23219,1,0,36.396436,127.3142371,대전광역시 유성구 외삼동 274-17,외삼동,노은2동,₩0
11821,RAD04_240325092501_21420,1,0,36.3808791,127.3259708,대전광역시 유성구 죽동 650,죽동,노은2동,₩0
11783,RAD04_240325082834_18594,1,0,36.3631213,127.3402254,대전광역시 유성구 장대동 350,장대동,온천2동,₩0
11768,RAD04_240325080859_18153,1,0,36.3578843,127.3360467,대전광역시 유성구 장대동 293,장대동,온천2동,₩0
11765,RAD04_240325080701_18024,1,0,36.3578187,127.3335684,대전광역시 유성구 장대동 191-7,장대동,온천2동,₩0
11764,RAD04_240325080655_18019,1,0,36.357705,127.3335513,대전광역시 유성구 장대동 251-3,장대동,온천2동,₩0
11763,RAD04_240325080652_18015,1,0,36.3576372,127.3335392,대전광역시 유성구 장대동 251-3,장대동,온천2동,₩0
11757,RAD04_240325080523_17876,1,0,36.3579331,127.3363765,대전광역시 유성구 장대동 290,장대동,온천2동,₩0
11756,RAD04_240325080427_17800,1,0,36.358644,127.3351284,대전광역시 유성구 장대동 291,장대동,온천2동,₩0
11748,RAD04_240325080047_17699,1,0,36.3587926,127.3336676,대전광역시 유성구 장대동 291,장대동,온천2동,₩0
11742,RAD04_240325075934_17628,1,0,36.3594135,127.3353638,대전광역시 유성구 장대동 291,장대동,온천2동,₩0
11733,RAD04_240325073017_17264,1,0,36.3645854,127.3378221,대전광역시 유성구 장대동 321,장대동,온천2동,₩0
11730,RAD04_240325070404_16852,1,0,36.3660409,127.3519414,대전광역시 유성구 궁동 220,어은동,온천2동,₩0
11723,RAD04_240325064134_15751,1,0,36.3663175,127.332103,대전광역시 유성구 장대동 17-4,장대동,온천2동,₩0
11722,RAD04_240325064104_15733,1,0,36.3665114,127.3316635,대전광역시 유성구 장대동 17-4,장대동,온천2동,₩0
11719,RAD04_240325063908_15555,1,0,36.3721043,127.3216957,대전광역시 유성구 노은동 569,노은동,노은1동,₩0
11709,RAD04_240324083743_14339,1,0,36.3668323,127.3150418,대전광역시 유성구 노은동 602,노은동,노은1동,₩0
11699,RAD04_240324082753_13894,1,0,36.3638725,127.3169661,대전광역시 유성구 노은동 609,노은동,노은1동,₩0
11669,RAD04_240324070742_11853,1,0,36.3597827,127.3435896,대전광역시 유성구 궁동 473,궁동,온천1동,₩0
11668,RAD04_240324070740_11847,1,0,36.3598142,127.3436026,대전광역시 유성구 궁동 473,궁동,온천1동,₩0
11664,RAD04_240324065434_11366,1,0,36.3746277,127.356279,대전광역시 유성구 어은동 52-10,어은동,온천2동,₩0
11662,RAD04_240324065241_11321,1,0,36.3744368,127.3561441,대전광역시 유성구 어은동 52-7,어은동,온천2동,₩0
11633,RAD04_240323085221_9658,1,0,36.3751087,127.3260844,대전광역시 유성구 노은동 138-45,노은동,노은1동,₩0
11631,RAD04_240323085157_9490,1,0,36.3706302,127.3271548,대전광역시 유성구 노은동 107-34,노은동,노은1동,₩0
11630,RAD04_240323085156_9483,1,0,36.370444,127.3271596,대전광역시 유성구 노은동 107-39,노은동,노은1동,₩0
11629,RAD04_240323085151_9421,1,0,36.3695583,127.3271559,대전광역시 유성구 노은동 112-16,노은동,노은1동,₩0
11628,RAD04_240323085149_9412,1,0,36.3692296,127.3271627,대전광역시 유성구 노은동 62-1,노은동,노은1동,₩0
11604,RAD04_240323081001_7614,1,0,36.3778468,127.3787293,대전광역시 유성구 가정동 20-13,가정동,신성동,₩0
11552,RAD04_240323065442_6842,1,0,36.369989,127.3234588,대전광역시 유성구 노은동 599,노은동,노은1동,₩0
11550,RAD04_240323065437_6786,1,0,36.3704256,127.3234617,대전광역시 유성구 노은동 599,노은동,노은1동,₩0
11547,RAD04_240323065350_6736,1,0,36.3721127,127.3217454,대전광역시 유성구 노은동 569,노은동,노은1동,₩0
11451,RAD04_240322162743_5316,1,0,36.3935438,127.3127071,대전광역시 유성구 반석동 689,반석동,노은3동,₩0
11448,RAD04_240322161937_5205,1,0,36.3925814,127.3115061,대전광역시 유성구 반석동 676,반석동,노은3동,₩0
11440,RAD04_240322160054_4348,1,0,36.3712802,127.323494,대전광역시 유성구 노은동 599,노은동,노은1동,₩0
11439,RAD04_240322160038_4290,1,0,36.3698752,127.3234894,대전광역시 유성구 노은동 599,노은동,노은1동,₩0
11405,RAD04_240322144217_3578,1,0,36.3619318,127.3371929,대전광역시 유성구 장대동 344,장대동,온천2동,₩0
11379,RAD04_240322135834_2477,1,0,36.3647811,127.3170002,대전광역시 유성구 노은동 609,노은동,노은1동,₩0
11333,RAD04_240322103149_1434,1,0,36.3878495,127.3099575,대전광역시 유성구 지족동 1060-1,지족동,노은3동,₩0
11301,RAD04_240322094110_92,1,0,36.3721896,127.3174811,대전광역시 유성구 노은동 569,노은동,노은1동,₩0
11247,RAD04_240322082154_3793,1,0,36.3588135,127.3395885,대전광역시 유성구 장대동 374,장대동,온천2동,₩0
11205,RAD04_240322063158_496,1,0,36.3700646,127.3234103,대전광역시 유성구 노은동 599,노은동,노은1동,₩0
11090,RAD04_240321145420_42243,1,0,36.4101675,127.300512,대전광역시 유성구 안산동 227-9,안산동,노은2동,₩0
11089,RAD04_240321145419_42236,1,0,36.410186,127.30046,대전광역시 유성구 안산동 227-9,안산동,노은2동,₩0
11071,RAD04_240321142012_41740,1,0,36.3923987,127.3088371,대전광역시 유성구 반석동 616,반석동,노은3동,₩0
11058,RAD04_240321141510_41496,1,0,36.3917836,127.3118112,대전광역시 유성구 반석동 676,반석동,노은3동,₩0
10989,RAD04_240321103634_39698,1,0,36.3863873,127.3380045,대전광역시 유성구 하기동 145-1,하기동,신성동,₩0
10919,RAD04_240321095743_37682,1,0,36.374705,127.3211138,대전광역시 유성구 지족동 973,지족동,노은1동,₩0
10918,RAD04_240321095738_37677,1,0,36.3747057,127.3210463,대전광역시 유성구 지족동 973,지족동,노은1동,₩0
10627,RAD04_240320144326_28323,1,0,36.3691698,127.3286026,대전광역시 유성구 노은동 97,노은동,노은1동,₩0
10626,RAD04_240320144309_28313,1,0,36.3690079,127.3286739,대전광역시 유성구 노은동 97,노은동,노은1동,₩0
10621,RAD04_240320144151_28281,1,0,36.3673105,127.3294025,대전광역시 유성구 노은동 97,노은동,노은1동,₩0
10620,RAD04_240320144149_28280,1,0,36.3672892,127.3294121,대전광역시 유성구 노은동 97,노은동,노은1동,₩0
10530,RAD04_240320104441_25805,1,0,36.3586328,127.3352517,대전광역시 유성구 장대동 290,장대동,온천2동,₩0
10518,RAD04_240320104112_25483,1,0,36.3658437,127.3325814,대전광역시 유성구 장대동 121-2,장대동,온천2동,₩0
10517,RAD04_240320104110_25464,1,0,36.365939,127.3325248,대전광역시 유성구 장대동 121-2,장대동,온천2동,₩0
10513,RAD04_240320104047_25420,1,0,36.3666807,127.33117,대전광역시 유성구 장대동 116-5,장대동,온천2동,₩0
10510,RAD04_240320103533_25288,1,0,36.3632938,127.3172028,대전광역시 유성구 노은동 603,노은동,노은1동,₩0
10505,RAD04_240320103445_25201,1,0,36.364075,127.3138529,대전광역시 유성구 노은동 603,노은동,노은1동,₩0
10506,RAD04_240320103445_25199,1,0,36.364075,127.3138529,대전광역시 유성구 노은동 603,노은동,노은1동,₩0
10502,RAD04_240320103407_25124,1,0,36.3664283,127.3127698,대전광역시 유성구 노은동 603,노은동,노은1동,₩0
10445,RAD04_240320101647_23608,1,0,36.3983185,127.3155252,대전광역시 유성구 외삼동 574-5,외삼동,노은2동,₩0
10442,RAD04_240320101403_23599,1,0,36.3984152,127.3153139,대전광역시 유성구 외삼동 574-5,외삼동,노은2동,₩0
10440,RAD04_240320101346_23579,1,0,36.3986666,127.3148267,대전광역시 유성구 외삼동 577,외삼동,노은2동,₩0
10439,RAD04_240320101340_23564,1,0,36.3988011,127.3145384,대전광역시 유성구 외삼동 574-5,외삼동,노은2동,₩0
10406,RAD04_240320100130_23137,1,0,36.4155237,127.2979896,대전광역시 유성구 안산동 284-1,안산동,노은2동,₩0
10404,RAD04_240320100025_23085,1,0,36.4180813,127.2957847,대전광역시 유성구 안산동 산 22-6,안산동,노은2동,₩0
10380,RAD04_240320093831_22577,1,0,36.3987553,127.3145941,대전광역시 유성구 외삼동 577,외삼동,노은2동,₩0
10379,RAD04_240320093830_22576,1,0,36.3987361,127.314639,대전광역시 유성구 외삼동 577,외삼동,노은2동,₩0
10378,RAD04_240320093823_22574,1,0,36.3985853,127.3149502,대전광역시 유성구 외삼동 220,외삼동,노은2동,₩0
10216,RAD04_240320080005_19385,1,0,36.361201,127.338621,대전광역시 유성구 장대동 351,장대동,온천2동,₩0
9926,RAD04_240319155251_14589,1,0,36.3781416,127.3766398,대전광역시 유성구 가정동 37,가정동,신성동,₩0
9921,RAD04_240319155035_14330,1,0,36.3855468,127.3785166,대전광역시 유성구 도룡동 409,도룡동,신성동,₩0
9920,RAD04_240319155034_14329,1,0,36.3855657,127.3784788,대전광역시 유성구 도룡동 409,도룡동,신성동,₩0
9908,RAD04_240319154627_14114,1,0,36.3855478,127.3561245,대전광역시 유성구 신성동 산 5-7,신성동,신성동,₩0
9741,RAD04_240319104813_12419,1,0,36.3656542,127.3326867,대전광역시 유성구 장대동 121-2,장대동,온천2동,₩0
9740,RAD04_240319104811_12418,1,0,36.3657853,127.3326057,대전광역시 유성구 장대동 121-2,장대동,온천2동,₩0
9736,RAD04_240319104348_12290,1,0,36.3684685,127.3176704,대전광역시 유성구 노은동 583,노은동,노은1동,₩0
9700,RAD04_240319102704_11308,1,0,36.3655623,127.3176768,대전광역시 유성구 노은동 611,노은동,노은1동,₩0
9695,RAD04_240319102350_11159,1,0,36.3611757,127.3284398,대전광역시 유성구 장대동 228-8,장대동,온천2동,₩0
9584,RAD04_240319074807_7391,1,0,36.3610381,127.3419231,대전광역시 유성구 궁동 472,궁동,온천2동,₩0
9444,RAD04_240319063615_5685,1,0,36.3697593,127.3234051,대전광역시 유성구 노은동 599,노은동,노은1동,₩0
9369,RAD04_240318152349_4375,1,0,36.3868764,127.3248244,대전광역시 유성구 하기동 596,하기동,노은2동,₩0
9239,RAD04_240318135228_1247,1,0,36.3578995,127.3361589,대전광역시 유성구 장대동 293,장대동,온천2동,₩0
9058,RAD04_240316085159_18758,1,0,36.3709835,127.3271067,대전광역시 유성구 노은동 107-18,노은동,노은1동,₩0
9057,RAD04_240316085157_18729,1,0,36.3708263,127.3271085,대전광역시 유성구 노은동 107-18,노은동,노은1동,₩0
9053,RAD04_240316085148_18640,1,0,36.3694598,127.3271185,대전광역시 유성구 노은동 112-17,노은동,노은1동,₩0
9050,RAD04_240316085136_18543,1,0,36.3678407,127.3271244,대전광역시 유성구 노은동 63-29,노은동,노은1동,₩0
8989,RAD04_240316080041_16303,1,0,36.3618632,127.3575563,대전광역시 유성구 어은동 59-12,어은동,온천2동,₩0
8943,RAD04_240316073524_15455,1,0,36.350304,127.3386231,대전광역시 유성구 봉명동 576-1,봉명동,온천1동,₩0
8933,RAD04_240316072631_15330,1,0,36.3575365,127.3399083,대전광역시 유성구 장대동 373,장대동,온천2동,₩0
8928,RAD04_240316072524_15220,1,0,36.3582065,127.3396608,대전광역시 유성구 장대동 373,장대동,온천2동,₩0
8927,RAD04_240316072451_15094,1,0,36.3593666,127.3392583,대전광역시 유성구 장대동 373,장대동,온천2동,₩0
8920,RAD04_240316072111_14866,1,0,36.3596018,127.3361984,대전광역시 유성구 장대동 290,장대동,온천2동,₩0
8919,RAD04_240316072046_14836,1,0,36.3587096,127.3362763,대전광역시 유성구 장대동 290,장대동,온천2동,₩0
8918,RAD04_240316072046_14835,1,0,36.3587096,127.3362763,대전광역시 유성구 장대동 290,장대동,온천2동,₩0
8917,RAD04_240316072005_14809,1,0,36.3586145,127.3371732,대전광역시 유성구 장대동 290,장대동,온천2동,₩0
8916,RAD04_240316072002_14805,1,0,36.3586141,127.3372929,대전광역시 유성구 장대동 290,장대동,온천2동,₩0
8682,RAD04_240315160348_12364,1,0,36.3821455,127.3242538,대전광역시 유성구 죽동 641,죽동,노은2동,₩0
8677,RAD04_240315160025_12304,1,0,36.3823345,127.3233784,대전광역시 유성구 죽동 630,죽동,노은2동,₩0
8603,RAD04_240315151241_10842,1,0,36.3934307,127.3127439,대전광역시 유성구 반석동 689,반석동,노은3동,₩0
8597,RAD04_240315151052_10715,1,0,36.3953794,127.3104892,대전광역시 유성구 반석동 676,반석동,노은3동,₩0
8558,RAD04_240315150221_10350,1,0,36.4154359,127.2979932,대전광역시 유성구 안산동 284-1,안산동,노은2동,₩0
8549,RAD04_240315150117_10298,1,0,36.4180909,127.2958353,대전광역시 유성구 안산동 351-2,안산동,노은2동,₩0
8538,RAD04_240315145012_10158,1,0,36.4118586,127.2980415,대전광역시 유성구 안산동 257-2,안산동,노은2동,₩0
8524,RAD04_240315144517_9930,1,0,36.4230935,127.2959228,세종특별자치시 금남면 두만리 42-11,금남면,금남면,₩0
8523,RAD04_240315144515_9919,1,0,36.4232494,127.2957205,세종특별자치시 금남면 두만리 42-11,금남면,금남면,₩0
8522,RAD04_240315144508_9892,1,0,36.4237778,127.2950156,세종특별자치시 금남면 두만리 42-3,금남면,금남면,₩0
8521,RAD04_240315144504_9877,1,0,36.4240066,127.2947117,세종특별자치시 금남면 두만리 39-1,금남면,금남면,₩0
8519,RAD04_240315144501_9858,1,0,36.424371,127.2942183,세종특별자치시 금남면 두만리 52-8,금남면,금남면,₩0
8520,RAD04_240315144500_9856,1,0,36.424298,127.2943179,세종특별자치시 금남면 두만리 52-8,금남면,금남면,₩0
8518,RAD04_240315144459_9840,1,0,36.4244401,127.2941234,세종특별자치시 금남면 두만리 52-8,금남면,금남면,₩0
8517,RAD04_240315144451_9813,1,0,36.424851,127.2935734,세종특별자치시 금남면 두만리 581-10,금남면,금남면,₩0
8516,RAD04_240315144435_9786,1,0,36.42513,127.2930793,세종특별자치시 금남면 두만리 581-10,금남면,금남면,₩0
8508,RAD04_240315143838_9613,1,0,36.4046401,127.3058309,대전광역시 유성구 외삼동 441-1,외삼동,노은2동,₩0
8507,RAD04_240315143837_9612,1,0,36.4045878,127.305871,대전광역시 유성구 외삼동 441-4,외삼동,노은2동,₩0
8388,RAD04_240315140528_8172,1,0,36.3867309,127.3316777,대전광역시 유성구 하기동 618,하기동,노은2동,₩0
8247,RAD04_240315102559_5764,1,0,36.359924,127.3328281,대전광역시 유성구 장대동 288,장대동,온천2동,₩0
8114,RAD04_240315095835_4527,1,0,36.3894705,127.3015819,대전광역시 유성구 지족동 1104,지족동,노은3동,₩0
7910,RAD04_240315073206_1269,1,0,36.3607926,127.3406595,대전광역시 유성구 궁동 455,궁동,온천2동,₩0
7735,RAD04_240308160118_1619,1,0,36.383192,127.3207279,대전광역시 유성구 지족동 862-10,지족동,노은2동,₩0
7724,RAD04_240308154615_1371,1,0,36.3664857,127.3232562,대전광역시 유성구 노은동 613,노은동,노은1동,₩0
7654,RAD04_240308102400_15805,1,0,36.4142147,127.2981386,대전광역시 유성구 안산동 275-1,안산동,노은2동,₩0
7643,RAD04_240308101223_15663,1,0,36.3986968,127.3147334,대전광역시 유성구 외삼동 577,외삼동,노은2동,₩0
7548,RAD04_240308072015_13088,1,0,36.3602462,127.3485352,대전광역시 유성구 궁동 496,궁동,온천2동,₩0
7547,RAD04_240308071630_13021,1,0,36.3617674,127.3475369,대전광역시 유성구 궁동 438,궁동,온천2동,₩0
7458,RAD04_240307145503_10991,1,0,36.3744059,127.3052699,대전광역시 유성구 지족동 1060-1,지족동,노은3동,₩0
7457,RAD04_240307145453_10989,1,0,36.3745453,127.3050501,대전광역시 유성구 지족동 1060-1,지족동,노은3동,₩0
7456,RAD04_240307145355_10975,1,0,36.374596,127.3049595,대전광역시 유성구 지족동 1060-1,지족동,노은3동,₩0
7450,RAD04_240307144809_10688,1,0,36.3866109,127.3032463,대전광역시 유성구 지족동 1057,지족동,노은3동,₩0
7447,RAD04_240307142555_10512,1,0,36.3903367,127.2967964,대전광역시 유성구 반석동 499-2,반석동,노은3동,₩0
7391,RAD04_240307094356_8590,1,0,36.3684586,127.3192012,대전광역시 유성구 노은동 591,노은동,노은1동,₩0
7375,RAD04_240307092907_8089,1,0,36.3570904,127.3380879,대전광역시 유성구 장대동 293,장대동,온천2동,₩0
7374,RAD04_240307092848_8050,1,0,36.3571893,127.3385575,대전광역시 유성구 장대동 286-10,장대동,온천2동,₩0
7195,RAD04_240306155444_3273,1,0,36.3876842,127.3254523,대전광역시 유성구 하기동 597-1,하기동,노은2동,₩0
7194,RAD04_240306155407_3262,1,0,36.3872732,127.3257704,대전광역시 유성구 하기동 599,하기동,노은2동,₩0
7193,RAD04_240306155019_3258,1,0,36.387226,127.3257301,대전광역시 유성구 하기동 597-3,하기동,노은2동,₩0
7162,RAD04_240306145547_1977,1,0,36.3598201,127.3392838,대전광역시 유성구 장대동 373,장대동,온천2동,₩0
7161,RAD04_240306145541_1968,1,0,36.3594103,127.3393021,대전광역시 유성구 장대동 373,장대동,온천2동,₩0
7100,RAD04_240306100211_8833,1,0,36.4137939,127.2981846,대전광역시 유성구 안산동 273-2,안산동,노은2동,₩0
7090,RAD04_240306095311_8659,1,0,36.4034867,127.3115641,대전광역시 유성구 외삼동 582,외삼동,노은2동,₩0
7082,RAD04_240306094944_8490,1,0,36.3999679,127.3122242,대전광역시 유성구 외삼동 574-5,외삼동,노은2동,₩0
7081,RAD04_240306094943_8485,1,0,36.3999396,127.3122468,대전광역시 유성구 외삼동 574-5,외삼동,노은2동,₩0
7080,RAD04_240306094918_8474,1,0,36.3991151,127.3140179,대전광역시 유성구 외삼동 577,외삼동,노은2동,₩0
7079,RAD04_240306094915_8472,1,0,36.3989653,127.3142435,대전광역시 유성구 외삼동 574-5,외삼동,노은2동,₩0
7061,RAD04_240306093845_8223,1,0,36.387443,127.3184973,대전광역시 유성구 하기동 575,하기동,노은2동,₩0
7060,RAD04_240306093837_8210,1,0,36.3874912,127.3186007,대전광역시 유성구 하기동 576,하기동,노은2동,₩0
6900,RAD04_240305163312_3668,1,0,36.3621484,127.3354577,대전광역시 유성구 장대동 333,장대동,온천2동,₩0
6880,RAD04_240305160929_3115,1,0,36.3615682,127.3351341,대전광역시 유성구 장대동 63-2,장대동,온천2동,₩0
6810,RAD04_240305074247_7718,1,0,36.3611856,127.3534735,대전광역시 유성구 궁동 434,궁동,온천2동,₩0
6677,RAD04_240305065113_5463,1,0,36.3626943,127.3474261,대전광역시 유성구 궁동 438,궁동,온천2동,₩0
6676,RAD04_240305065112_5462,1,0,36.3626943,127.3474261,대전광역시 유성구 궁동 438,궁동,온천2동,₩0
6623,RAD04_240305063043_5158,1,0,36.3666778,127.3312545,대전광역시 유성구 장대동 116-5,장대동,온천2동,₩0
6601,RAD04_240305062608_5000,1,0,36.3736319,127.3193243,대전광역시 유성구 지족동 965,지족동,노은1동,₩0
6553,RAD04_240304152738_4040,1,0,36.3849263,127.3215201,대전광역시 유성구 하기동 585,하기동,노은2동,₩0
6422,RAD04_240304141215_1160,1,0,36.3609309,127.3530891,대전광역시 유성구 궁동 445,궁동,온천2동,₩0
5947,RAD04_240301061037_4588,1,0,36.3747976,127.3193131,대전광역시 유성구 지족동 965,지족동,노은1동,₩0
5704,RAD04_240229132202_1738,1,0,36.3775002,127.3059954,대전광역시 유성구 지족동 1062-1,지족동,노은3동,₩0
5647,RAD04_240229131443_1361,1,0,36.3644295,127.3084739,대전광역시 유성구 구암동 514,구암동,온천1동,₩0
5646,RAD04_240229131443_1357,1,0,36.3644295,127.3084739,대전광역시 유성구 구암동 514,구암동,온천1동,₩0
5613,RAD04_240229131015_1268,1,0,36.366928,127.3109622,대전광역시 유성구 노은동 413-3,노은동,노은1동,₩0
5564,RAD04_240229125119_299,1,0,36.3521803,127.3339143,대전광역시 유성구 구암동 635,구암동,온천1동,₩0
5560,RAD04_240229124816_188,1,0,36.3509413,127.3349733,대전광역시 유성구 구암동 638,구암동,온천1동,₩0
15739,RAD03_240908164016_2769,1,0,36.3623567,127.3568282,대전광역시 유성구 어은동 109,어은동,온천2동,0.8536
15725,RAD03_240908153142_1621,1,0,36.3403616,127.3087813,대전광역시 유성구 학하동 792,학하동,학하동,0.8457
15721,RAD03_240908152930_1523,1,0,36.3385493,127.316879,대전광역시 유성구 학하동 685-139,학하동,학하동,0.8741
15713,RAD03_240908152627_1348,1,0,36.3378753,127.325972,대전광역시 유성구 복용동 458,복용동,상대동,0.8522
15708,RAD03_240908151513_771,1,0,36.3454733,127.3389475,대전광역시 유성구 상대동 495,상대동,상대동,0.8512
15402,RAD03_240726105711_3894,1,0,36.3666797,127.3272001,대전광역시 유성구 노은동 74,노은동,노은1동,0.8468
15398,RAD03_240726102429_0,1,0,36.4069446,127.3732953,대전광역시 유성구 방현동 9-12,방현동,신성동,0.8437
15002,RAD03_240701153322_812,1,0,36.3685649,127.3137784,대전광역시 유성구 노은동 570,노은동,노은1동,0.8604
15001,RAD03_240701153307_747,1,0,36.369035,127.3142954,대전광역시 유성구 노은동 570,노은동,노은1동,0.8419
15000,RAD03_240701153247_658,1,0,36.3702158,127.3150586,대전광역시 유성구 노은동 570,노은동,노은1동,0.8552
14999,RAD03_240701152519_0,1,0,36.3804669,127.3165383,대전광역시 유성구 지족동 948,지족동,노은2동,0.8541
14998,RAD03_240701151810_118,1,0,36.3834115,127.3175792,대전광역시 유성구 지족동 926,지족동,노은3동,0.8491
14997,RAD03_240701151654_0,1,0,36.3802982,127.3164768,대전광역시 유성구 지족동 948,지족동,노은2동,0.8706
14996,RAD03_240627155251_12717,1,0,36.3614293,127.3564059,대전광역시 유성구 어은동 59-1,어은동,온천2동,0.8505
14995,RAD03_240627154812_12588,1,0,36.358084,127.3432458,대전광역시 유성구 봉명동 608,봉명동,온천1동,0.8455
14976,RAD03_240627113817_0,1,0,36.4248486,127.3936643,대전광역시 유성구 관평동 1288,관평동,관평동,0.8439
14959,RAD03_240626093426_0,1,0,36.3635934,127.3406701,대전광역시 유성구 궁동 335-27,궁동,온천2동,0.8442
14949,RAD03_240624160148_0,1,0,36.3636969,127.3603858,대전광역시 유성구 구성동 294-6,구성동,온천2동,0.8431
14946,RAD03_240624104603_1929,1,0,36.3972687,127.3550816,대전광역시 유성구 장동 363-7,장동,신성동,0.8422
14940,RAD03_240621101414_302,1,0,36.3558611,127.342136,대전광역시 유성구 봉명동 574,봉명동,온천1동,0.8761
14939,RAD03_240621101012_0,1,0,36.3607627,127.3542081,대전광역시 유성구 어은동 311,어은동,온천2동,0.8437
14938,RAD03_240620101552_12984,1,0,36.4079284,127.3762414,대전광역시 유성구 방현동 349-3,방현동,신성동,0.8467
14937,RAD03_240620101538_12934,1,0,36.4086694,127.3777816,대전광역시 유성구 화암동 109-11,화암동,신성동,0.8634
14936,RAD03_240620101405_12724,1,0,36.40644,127.3848902,대전광역시 유성구 화암동 57-3,화암동,신성동,0.8448
14935,RAD03_240620100633_12083,1,0,36.4127951,127.3880919,대전광역시 유성구 용산동 764,용산동,관평동,0.8487
14934,RAD03_240620100053_11887,1,0,36.4160065,127.3779992,대전광역시 유성구 화암동 203-7,화암동,신성동,0.8978
14933,RAD03_240620095110_10575,1,0,36.3982791,127.3571694,대전광역시 유성구 장동 364-4,장동,신성동,0.8824
14932,RAD03_240620094448_0,1,0,36.3907666,127.3318801,대전광역시 유성구 하기동 603,하기동,노은2동,0.8466
14931,RAD03_240620093108_9733,1,0,36.3900826,127.3237051,대전광역시 유성구 하기동 603,하기동,노은2동,0.8455
14930,RAD03_240620093033_9579,1,0,36.387186,127.3220784,대전광역시 유성구 하기동 603,하기동,노은2동,0.8587
14929,RAD03_240620092549_9110,1,0,36.3751776,127.3260698,대전광역시 유성구 노은동 138-39,노은동,노은1동,0.8458
14928,RAD03_240620092226_8914,1,0,36.3670016,127.3306055,대전광역시 유성구 장대동 116-10,장대동,노은1동,0.866
14927,RAD03_240620091933_0,1,0,36.363188,127.341817,대전광역시 유성구 궁동 351,궁동,온천2동,0.867
14926,RAD03_240619153338_8244,1,0,36.361265,127.3477629,대전광역시 유성구 궁동 33-6,궁동,온천2동,0.848
14925,RAD03_240619152943_8039,1,0,36.3651443,127.3383789,대전광역시 유성구 장대동 311,장대동,온천2동,0.8428
14924,RAD03_240619152844_0,1,0,36.3719043,127.3406138,대전광역시 유성구 궁동 331-2,궁동,온천2동,0.8546
14923,RAD03_240619152831_7878,1,0,36.3738357,127.3412357,대전광역시 유성구 궁동 114-1,궁동,온천2동,0.8458
14922,RAD03_240617144734_5693,1,0,36.3667677,127.3176666,대전광역시 유성구 노은동 602,노은동,노은1동,0.8572
14921,RAD03_240617143332_5024,1,0,36.364679,127.3380516,대전광역시 유성구 장대동 311,장대동,온천2동,0.848
14920,RAD03_240617143040_4683,1,0,36.3753099,127.3408985,대전광역시 유성구 죽동 799,죽동,온천2동,0.8458
14815,RAD03_240530154140_8495,1,0,36.4184857,127.3787951,대전광역시 유성구 덕진동 51-4,덕진동,신성동,0.8755
14789,RAD03_240529155254_10219,1,0,36.4457878,127.3853832,대전광역시 유성구 봉산동 714,봉산동,구즉동,0.8455
14786,RAD03_240529154903_9881,1,0,36.4422107,127.3850539,대전광역시 유성구 봉산동 산 37-4,봉산동,구즉동,0.8494
14784,RAD03_240529154810_9864,1,0,36.4428103,127.3855016,대전광역시 유성구 봉산동 973,봉산동,구즉동,0.8444
14767,RAD03_240528152724_3800,1,0,36.3602916,127.3443451,대전광역시 유성구 궁동 501,궁동,온천2동,0.8501
14604,RAD03_240513152753_85978,1,0,36.3502447,127.3479668,대전광역시 유성구 봉명동 1061,봉명동,원신흥동,0.872
14602,RAD03_240513152751_85965,1,0,36.3503694,127.3479733,대전광역시 유성구 봉명동 1061,봉명동,원신흥동,0.8659
14554,RAD03_240509155742_66417,1,0,36.3403448,127.3126916,대전광역시 유성구 학하동 827,학하동,학하동,0.8542
14540,RAD03_240509143002_65021,1,0,36.3395661,127.304557,대전광역시 유성구 학하동 793,학하동,학하동,0.8612
14539,RAD03_240509143001_65020,1,0,36.3394969,127.3045186,대전광역시 유성구 학하동 793,학하동,학하동,0.8514
14532,RAD03_240509111113_60629,1,0,36.3597807,127.3048398,대전광역시 유성구 덕명동 570,덕명동,학하동,0.8513
14526,RAD03_240509103557_59364,1,0,36.3633949,127.3412869,대전광역시 유성구 궁동 352,궁동,온천2동,0.8771
14508,RAD03_240508140528_51171,1,0,36.3554468,127.3353278,대전광역시 유성구 봉명동 570,봉명동,온천1동,0.8407
14502,RAD03_240508095057_47663,1,0,36.3605154,127.3531771,대전광역시 유성구 궁동 434,궁동,온천2동,0.8422
14486,RAD03_240507143953_0,1,0,36.3797173,127.3429689,대전광역시 유성구 신성동 산 40-28,신성동,신성동,0.8431
14483,RAD03_240507140421_45077,1,0,36.3633327,127.3414983,대전광역시 유성구 궁동 351,궁동,온천2동,0.8559
14481,RAD03_240507135256_43573,1,0,36.38559,127.3784667,대전광역시 유성구 도룡동 409,도룡동,신성동,0.8426
14479,RAD03_240507133110_43032,1,0,36.3845918,127.377755,대전광역시 유성구 도룡동 394-4,도룡동,신성동,0.8659
14475,RAD03_240507103444_41905,1,0,36.3605806,127.3499523,대전광역시 유성구 궁동 29-4,궁동,온천2동,0.8526
14469,RAD03_240503110256_35728,1,0,36.3710325,127.3271376,대전광역시 유성구 노은동 107-18,노은동,노은1동,0.8474
14468,RAD03_240503110249_0,1,0,36.3700012,127.3271469,대전광역시 유성구 노은동 107-37,노은동,노은1동,0.8514
14394,RAD03_240430133746_0,1,0,36.3900401,127.4053208,대전광역시 유성구 문지동 667,문지동,전민동,0.8479
14381,RAD03_240430103755_4566,1,0,36.3562525,127.3422689,대전광역시 유성구 봉명동 574,봉명동,온천1동,0.8402
14359,RAD03_240424100053_8227,1,0,36.341757,127.3388074,대전광역시 유성구 상대동 498,상대동,상대동,0.7911
14334,RAD03_240423142242_4234,1,0,36.360006,127.3280608,대전광역시 유성구 장대동 223-10,장대동,온천2동,0.7811
14333,RAD03_240423142120_3988,1,0,36.3581111,127.331416,대전광역시 유성구 장대동 211-9,장대동,온천2동,0.7919
14309,RAD03_240422143719_22655,1,0,36.374867,127.3296204,대전광역시 유성구 죽동 552-39,죽동,노은1동,₩0
14306,RAD03_240422143128_22164,1,0,36.3722565,127.3218832,대전광역시 유성구 지족동 976,지족동,노은1동,₩0
14304,RAD03_240422142840_21886,1,0,36.3755037,127.3227745,대전광역시 유성구 지족동 975,지족동,노은1동,₩0
14300,RAD03_240422142344_21548,1,0,36.3714329,127.3235289,대전광역시 유성구 노은동 599,노은동,노은1동,₩0
14289,RAD03_240422133417_0,1,0,36.3584505,127.3562375,대전광역시 유성구 봉명동 698,봉명동,온천1동,₩0
14278,RAD03_240419164714_12393,1,0,36.3595886,127.32908,대전광역시 유성구 장대동 220-3,장대동,온천2동,₩0
14271,RAD03_240419140835_8643,1,0,36.4070087,127.3732129,대전광역시 유성구 방현동 9-12,방현동,신성동,₩0
14184,RAD03_240419100410_2277,1,0,36.3939595,127.3503828,대전광역시 유성구 자운동 17-15,자운동,신성동,₩0
13005,RAD03_240329102642_44029,1,0,36.3568313,127.3466613,대전광역시 유성구 봉명동 637,봉명동,온천1동,₩0
12913,RAD03_240328094620_39398,1,0,36.3634859,127.3410776,대전광역시 유성구 궁동 352,궁동,온천2동,₩0
12912,RAD03_240328094206_39137,1,0,36.360928,127.3547032,대전광역시 유성구 어은동 311,어은동,온천2동,₩0
12888,RAD03_240327160352_35633,1,0,36.4652806,127.3965343,대전광역시 유성구 금고동 산 21,금고동,구즉동,₩0
12879,RAD03_240327155859_35379,1,0,36.4586442,127.3903297,대전광역시 유성구 금고동 산 21,금고동,구즉동,₩0
12878,RAD03_240327155858_35377,1,0,36.4586255,127.3902565,대전광역시 유성구 금고동 산 21,금고동,구즉동,₩0
12821,RAD03_240327135011_28630,1,0,36.2955885,127.3215133,대전광역시 서구 관저동 978-5,관저동,관저2동,₩0
12820,RAD03_240327135001_28602,1,0,36.2944116,127.3210602,대전광역시 서구 관저동 978-7,관저동,관저2동,₩0
12814,RAD03_240327134435_28131,1,0,36.2856584,127.3077602,대전광역시 유성구 방동 19-20,방동,진잠동,₩0
12761,RAD03_240327103811_25158,1,0,36.3545161,127.3388108,대전광역시 유성구 봉명동 529,봉명동,온천1동,₩0
12744,RAD03_240327102724_24612,1,0,36.3505336,127.3222749,대전광역시 유성구 구암동 337-1,구암동,온천1동,₩0
12733,RAD03_240327102538_24492,1,0,36.3486033,127.3231306,대전광역시 유성구 구암동 289,구암동,온천1동,₩0
12732,RAD03_240327102536_24489,1,0,36.3486314,127.3232744,대전광역시 유성구 구암동 221-4,구암동,온천1동,₩0
12729,RAD03_240327102510_24468,1,0,36.3483272,127.324071,대전광역시 유성구 구암동 222-1,구암동,온천1동,₩0
12691,RAD03_240327095446_24345,1,0,36.3485201,127.3258578,대전광역시 유성구 구암동 522-6,구암동,온천1동,₩0
12532,RAD03_240326143455_20976,1,0,36.3670986,127.319076,대전광역시 유성구 노은동 612,노은동,노은1동,₩0
12491,RAD03_240326120525_18197,1,0,36.4073273,127.3744373,대전광역시 유성구 방현동 2-1,방현동,신성동,₩0
12483,RAD03_240326115742_17593,1,0,36.4441744,127.4033977,대전광역시 대덕구 문평동 92,문평동,목상동,₩0
12480,RAD03_240326115354_17371,1,0,36.4497515,127.4212713,대전광역시 대덕구 석봉동 766,석봉동,석봉동,₩0
12479,RAD03_240326115353_17366,1,0,36.4497782,127.4213387,대전광역시 대덕구 석봉동 766,석봉동,석봉동,₩0
12478,RAD03_240326115350_17354,1,0,36.4498535,127.4215358,대전광역시 대덕구 석봉동 766,석봉동,석봉동,₩0
12477,RAD03_240326115349_17353,1,0,36.4498803,127.4216046,대전광역시 대덕구 석봉동 766,석봉동,석봉동,₩0
12475,RAD03_240326115249_17223,1,0,36.4509668,127.427948,대전광역시 대덕구 석봉동 388-1,석봉동,신탄진동,₩0
12473,RAD03_240326115107_17023,1,0,36.4459118,127.4296444,대전광역시 대덕구 신탄진동 733,신탄진동,신탄진동,₩0
12472,RAD03_240326114938_0,1,0,36.4436518,127.4334659,대전광역시 대덕구 신탄진동 272-2,신탄진동,신탄진동,₩0
12471,RAD03_240326113634_16821,1,0,36.4430664,127.4334039,대전광역시 대덕구 신탄진동 272-2,신탄진동,신탄진동,₩0
12470,RAD03_240326113632_16816,1,0,36.443074,127.4333858,대전광역시 대덕구 신탄진동 272-2,신탄진동,신탄진동,₩0
12467,RAD03_240326113603_0,1,0,36.4430078,127.4337313,대전광역시 대덕구 신탄진동 272-2,신탄진동,신탄진동,₩0
12466,RAD03_240326112736_16698,1,0,36.4434515,127.4335004,대전광역시 대덕구 신탄진동 272-2,신탄진동,신탄진동,₩0
12465,RAD03_240326104602_16638,1,0,36.4437076,127.4334665,대전광역시 대덕구 신탄진동 272-2,신탄진동,신탄진동,₩0
12463,RAD03_240326104458_16483,1,0,36.4448579,127.4301487,대전광역시 대덕구 신탄진동 745,신탄진동,신탄진동,₩0
12462,RAD03_240326104456_16464,1,0,36.4448868,127.4300601,대전광역시 대덕구 신탄진동 745,신탄진동,신탄진동,₩0
12460,RAD03_240326104417_16368,1,0,36.4420519,127.4295768,대전광역시 대덕구 신탄진동 264-64,신탄진동,덕암동,₩0
12459,RAD03_240326104416_16362,1,0,36.4419786,127.4295673,대전광역시 대덕구 신탄진동 264-64,신탄진동,덕암동,₩0
12456,RAD03_240326104329_16253,1,0,36.4421481,127.4284869,대전광역시 대덕구 덕암동 31,덕암동,덕암동,₩0
12453,RAD03_240326104241_16041,1,0,36.4441973,127.4255582,대전광역시 대덕구 덕암동 336,덕암동,덕암동,₩0
11866,RAD03_240325100310_10491,1,0,36.3662209,127.3325207,대전광역시 유성구 장대동 17-4,장대동,온천2동,₩0
11858,RAD03_240325095912_10354,1,0,36.368572,127.3178383,대전광역시 유성구 노은동 583,노은동,노은1동,₩0
11844,RAD03_240325095437_9928,1,0,36.3797111,127.3160106,대전광역시 유성구 지족동 948,지족동,노은2동,₩0
11367,RAD03_240322124905_4822,1,0,36.37332,127.3308548,대전광역시 유성구 죽동 564,죽동,노은1동,₩0
11322,RAD03_240322100540_1857,1,0,36.3484218,127.3353832,대전광역시 유성구 상대동 489,상대동,상대동,₩0
8461,RAD03_240315141933_5557,1,0,36.3439915,127.3062637,대전광역시 유성구 복용동 557-2,복용동,학하동,₩0
5108,RAD03_240228095716_411,1,0,36.3633423,127.3563738,대전광역시 유성구 어은동 99,어은동,온천2동,₩0
5106,RAD03_240228095715_411,1,0,36.3633553,127.3563531,대전광역시 유성구 어은동 99,어은동,온천2동,₩0
5059,RAD03_240228095536_136,1,0,36.3634022,127.3564505,대전광역시 유성구 어은동 99,어은동,온천2동,₩0
5058,RAD03_240228095536_0,1,0,36.3634022,127.3564505,대전광역시 유성구 어은동 99,어은동,온천2동,₩0
5056,RAD03_240228095503_95,1,0,36.3633393,127.3563843,대전광역시 유성구 어은동 99,어은동,온천2동,₩0
5054,RAD03_240228095503_93,1,0,36.3633393,127.3563843,대전광역시 유성구 어은동 99,어은동,온천2동,₩0
5055,RAD03_240228095503_0,1,0,36.3633393,127.3563843,대전광역시 유성구 어은동 99,어은동,온천2동,₩0
5053,RAD03_240228095502_93,1,0,36.3633758,127.3563374,대전광역시 유성구 어은동 99,어은동,온천2동,₩0
15761,RAD02_240920152128_1951,1,0,36.3408826,127.3198701,대전광역시 유성구 복용동 175-3,복용동,상대동,0.8675
15750,RAD02_240920150052_30,1,0,36.3050871,127.2942619,대전광역시 유성구 성북동 761,성북동,진잠동,0.8517
15748,RAD02_240910095605_3052,1,0,36.3371305,127.3345333,대전광역시 유성구 상대동 498,상대동,상대동,0.8404
15696,RAD02_240906142652_433,1,0,36.4087304,127.3755045,대전광역시 유성구 화암동 99-6,화암동,신성동,0.8416
15669,RAD02_240806092522_19653,1,0,36.3624144,127.3561372,대전광역시 유성구 어은동 109,어은동,온천2동,0.8798
15661,RAD02_240805174140_19238,1,0,36.364056,127.3558003,대전광역시 유성구 어은동 99,어은동,온천2동,0.8404
15655,RAD02_240805173844_18913,1,0,36.369134,127.3504628,대전광역시 유성구 궁동 220,어은동,온천2동,0.8632
15648,RAD02_240805171556_18387,1,0,36.3940462,127.3504939,대전광역시 유성구 자운동 17-15,자운동,신성동,0.8871
15644,RAD02_240805171328_18270,1,0,36.3971543,127.3548409,대전광역시 유성구 장동 362-2,장동,신성동,0.8498
15637,RAD02_240805170944_17986,1,0,36.4119107,127.3779061,대전광역시 유성구 화암동 120-3,화암동,신성동,0.856
15630,RAD02_240805165159_17289,1,0,36.4182704,127.3788462,대전광역시 유성구 관평동 657-3,관평동,관평동,0.8534
15588,RAD02_240805104059_15947,1,0,36.3546954,127.3382101,대전광역시 유성구 봉명동 529,봉명동,온천1동,0.8438
15587,RAD02_240805103952_15754,1,0,36.353136,127.3369673,대전광역시 유성구 봉명동 534,봉명동,온천1동,0.8539
15546,RAD02_240801162922_12332,1,0,36.3848419,127.3785481,대전광역시 유성구 도룡동 409,도룡동,신성동,0.8514
15544,RAD02_240801101121_11989,1,0,36.3636454,127.3272178,대전광역시 유성구 장대동 231-2,장대동,온천2동,0.8491
15543,RAD02_240801101044_11973,1,0,36.3603685,127.3267128,대전광역시 유성구 장대동 223-20,장대동,온천2동,0.857
15514,RAD02_240801094346_11195,1,0,36.3604705,127.3031363,대전광역시 유성구 덕명동 555,덕명동,학하동,0.8414
15512,RAD02_240801094131_10973,1,0,36.3594928,127.3239981,대전광역시 유성구 장대동 295,장대동,온천2동,0.8498
15510,RAD02_240801093943_10898,1,0,36.358922,127.3287995,대전광역시 유성구 장대동 258,장대동,온천2동,0.8502
15499,RAD02_240801093134_10281,1,0,36.3585989,127.3374559,대전광역시 유성구 장대동 290,장대동,온천2동,0.8469
15492,RAD02_240801092842_10003,1,0,36.3595454,127.3429622,대전광역시 유성구 봉명동 601,봉명동,온천1동,0.846
15471,RAD02_240731150044_0,1,0,36.3624294,127.3562708,대전광역시 유성구 어은동 109,어은동,온천2동,0.8467
15470,RAD02_240731150038_8190,1,0,36.3623864,127.3561796,대전광역시 유성구 어은동 109,어은동,온천2동,0.8414
15466,RAD02_240730094242_7947,1,0,36.3585841,127.3371612,대전광역시 유성구 장대동 290,장대동,온천2동,0.8575
15442,RAD02_240729154719_6522,1,0,36.4458044,127.3853474,대전광역시 유성구 봉산동 714,봉산동,구즉동,0.8641
15430,RAD02_240729153853_0,1,0,36.4192753,127.37974,대전광역시 유성구 덕진동 산 14-3,덕진동,관평동,0.862
15367,RAD02_240725102042_2170,1,0,36.3598648,127.2932792,대전광역시 유성구 갑동 392-11,갑동,노은1동,0.8599
15322,RAD02_240723110053_45257,1,0,36.3042144,127.3203217,대전광역시 유성구 원내동 773,원내동,진잠동,0.8464
15321,RAD02_240723110053_0,1,0,36.3042144,127.3203217,대전광역시 유성구 원내동 773,원내동,진잠동,0.8664
15320,RAD02_240723110012_45161,1,0,36.3034721,127.3176269,대전광역시 유성구 원내동 773,원내동,진잠동,0.855
15319,RAD02_240723105840_45080,1,0,36.3025569,127.3156015,대전광역시 유성구 원내동 773,원내동,진잠동,0.8656
15318,RAD02_240723105821_45044,1,0,36.3010087,127.3153214,대전광역시 유성구 원내동 773,원내동,진잠동,0.8455
15317,RAD02_240723105815_45031,1,0,36.3006165,127.3154704,대전광역시 유성구 원내동 735,원내동,진잠동,0.8475
15316,RAD02_240723105802_45020,1,0,36.2997707,127.3157655,대전광역시 유성구 원내동 735,원내동,진잠동,0.8428
15315,RAD02_240723105754_45004,1,0,36.299355,127.3159116,대전광역시 유성구 원내동 735,원내동,진잠동,0.8407
15314,RAD02_240723105637_44968,1,0,36.2986844,127.3161518,대전광역시 유성구 원내동 736,원내동,진잠동,0.8496
15313,RAD02_240723104312_44774,1,0,36.2979338,127.3150333,대전광역시 유성구 원내동 280,원내동,진잠동,0.8582
15312,RAD02_240723104228_44718,1,0,36.2983857,127.3157099,대전광역시 유성구 원내동 708,원내동,진잠동,0.8578
15311,RAD02_240723104211_44694,1,0,36.2986134,127.316021,대전광역시 유성구 원내동 772,원내동,진잠동,0.8514
15310,RAD02_240723104158_44681,1,0,36.2993358,127.3157872,대전광역시 유성구 원내동 772,원내동,진잠동,0.8515
15309,RAD02_240723103823_44195,1,0,36.3047175,127.320255,대전광역시 유성구 교촌동 652,교촌동,진잠동,0.8591
15308,RAD02_240723103816_44176,1,0,36.3051794,127.3200677,대전광역시 유성구 교촌동 652,교촌동,진잠동,0.8446
15307,RAD02_240723103726_44053,1,0,36.3110067,127.3174702,대전광역시 유성구 교촌동 123-4,교촌동,진잠동,0.9092
15306,RAD02_240723103657_43993,1,0,36.3144026,127.3157373,대전광역시 유성구 대정동 509-9,대정동,진잠동,0.8424
15305,RAD02_240723103652_43970,1,0,36.3149986,127.3155018,대전광역시 유성구 대정동 507,대정동,진잠동,0.8691
15304,RAD02_240723103616_43932,1,0,36.3201457,127.3136482,대전광역시 유성구 대정동 산 38-1,대정동,진잠동,0.8459
15303,RAD02_240723103541_43900,1,0,36.3244361,127.3123075,대전광역시 유성구 용계동 402-11,용계동,진잠동,0.8639
15302,RAD02_240723103501_43849,1,0,36.3273335,127.3122078,대전광역시 유성구 용계동 산 50-6,용계동,진잠동,0.8485
15301,RAD02_240723103446_43801,1,0,36.3297016,127.3129649,대전광역시 유성구 용계동 390-3,용계동,진잠동,0.8418
15300,RAD02_240723103444_43798,1,0,36.3299821,127.3131031,대전광역시 유성구 용계동 390-3,용계동,진잠동,0.8463
15299,RAD02_240723103401_43736,1,0,36.3361049,127.3167407,대전광역시 유성구 학하동 687,학하동,학하동,0.8806
15298,RAD02_240723103039_43337,1,0,36.3486282,127.3267053,대전광역시 유성구 상대동 556,상대동,온천1동,0.8554
15297,RAD02_240723102901_43184,1,0,36.3486235,127.3312673,대전광역시 유성구 상대동 556,상대동,온천1동,0.8683
15296,RAD02_240723102843_43145,1,0,36.3486235,127.3313473,대전광역시 유성구 상대동 556,상대동,온천1동,0.8472
15295,RAD02_240723102824_43126,1,0,36.3486556,127.3335618,대전광역시 유성구 상대동 556,상대동,온천1동,0.8509
15294,RAD02_240723102804_43093,1,0,36.3486585,127.3358612,대전광역시 유성구 상대동 556,상대동,온천1동,0.8417
15293,RAD02_240723102758_43081,1,0,36.3486706,127.3366655,대전광역시 유성구 상대동 556,상대동,온천1동,0.8812
15292,RAD02_240723102755_43056,1,0,36.3486802,127.3371163,대전광역시 유성구 상대동 556,상대동,온천1동,0.8402
15291,RAD02_240723102749_43043,1,0,36.3486954,127.3380289,대전광역시 유성구 상대동 556,상대동,온천1동,0.8537
15290,RAD02_240723102727_42955,1,0,36.3488061,127.34008,대전광역시 유성구 봉명동 1058,봉명동,온천1동,0.8638
15289,RAD02_240723102720_42912,1,0,36.3493848,127.3400517,대전광역시 유성구 봉명동 1058,봉명동,온천1동,0.8401
15288,RAD02_240723102554_42623,1,0,36.3575433,127.3427661,대전광역시 유성구 봉명동 608,봉명동,온천1동,0.8553
15286,RAD02_240723102054_42106,1,0,36.3617499,127.3567053,대전광역시 유성구 어은동 109,어은동,온천2동,0.8459
15285,RAD02_240722150541_42077,1,0,36.3624017,127.3566568,대전광역시 유성구 어은동 109,어은동,온천2동,0.8414
15284,RAD02_240722144850_41918,1,0,36.3625815,127.3565681,대전광역시 유성구 어은동 109,어은동,온천2동,0.8537
15283,RAD02_240722144831_41905,1,0,36.3624276,127.3561928,대전광역시 유성구 어은동 109,어은동,온천2동,0.8727
15282,RAD02_240722144805_41849,1,0,36.3623562,127.3558128,대전광역시 유성구 어은동 109,어은동,온천2동,0.8423
15281,RAD02_240722132959_41375,1,0,36.3607481,127.3541642,대전광역시 유성구 어은동 311,어은동,온천2동,0.8402
15279,RAD02_240722081300_40539,1,0,36.3664505,127.3388563,대전광역시 유성구 죽동 119-2,죽동,온천2동,0.8503
15280,RAD02_240722081259_0,1,0,36.3666444,127.3389231,대전광역시 유성구 죽동 119-2,죽동,온천2동,0.8495
15278,RAD02_240722081055_40257,1,0,36.3717595,127.3322677,대전광역시 유성구 죽동 747,죽동,온천2동,0.844
15277,RAD02_240722071204_0,1,0,36.3717463,127.3320898,대전광역시 유성구 죽동 747,죽동,온천2동,0.8564
15276,RAD02_240722071131_40068,1,0,36.371338,127.3343033,대전광역시 유성구 죽동 747,죽동,온천2동,0.8566
15275,RAD02_240722071123_40064,1,0,36.3713166,127.3348578,대전광역시 유성구 죽동 799,죽동,온천2동,0.856
15274,RAD02_240722071116_40048,1,0,36.3717194,127.3350072,대전광역시 유성구 죽동 799,죽동,온천2동,0.8684
15273,RAD02_240722071106_39997,1,0,36.3724771,127.3351261,대전광역시 유성구 죽동 799,죽동,온천2동,0.8725
15272,RAD02_240722070936_39903,1,0,36.3762196,127.3386853,대전광역시 유성구 죽동 799,죽동,온천2동,0.8496
15271,RAD02_240722070823_39853,1,0,36.3761708,127.338887,대전광역시 유성구 죽동 799,죽동,온천2동,0.853
15023,RAD02_240705105046_12072,1,0,36.4260338,127.3861304,대전광역시 유성구 관평동 1292,관평동,관평동,0.8425
15022,RAD02_240705104740_11866,1,0,36.4247696,127.3893087,대전광역시 유성구 관평동 1291,관평동,관평동,0.8587
15021,RAD02_240705104128_11193,1,0,36.4173268,127.3925418,대전광역시 유성구 용산동 672,용산동,관평동,0.9029
15020,RAD02_240705102745_11030,1,0,36.417348,127.3920276,대전광역시 유성구 용산동 672,용산동,관평동,0.8497
15019,RAD02_240705102627_10905,1,0,36.419045,127.3816008,대전광역시 유성구 관평동 681,관평동,관평동,0.8561
15018,RAD02_240705102410_10520,1,0,36.4122634,127.3782527,대전광역시 유성구 화암동 25-13,화암동,신성동,0.8717
15017,RAD02_240705101840_9532,1,0,36.3893202,127.344826,대전광역시 유성구 하기동 14-3,하기동,신성동,0.861
15016,RAD02_240705101837_9518,1,0,36.3888104,127.3444614,대전광역시 유성구 하기동 산 2-6,하기동,신성동,0.8407
15015,RAD02_240705101511_9110,1,0,36.3690262,127.3399345,대전광역시 유성구 궁동 358,궁동,온천2동,0.8511
15014,RAD02_240705101003_8615,1,0,36.3667682,127.3178224,대전광역시 유성구 노은동 566,노은동,노은1동,0.8567
15013,RAD02_240705100730_0,1,0,36.3702015,127.3075914,대전광역시 유성구 노은동 산 24-139,노은동,노은1동,0.8489
15012,RAD02_240705100634_8290,1,0,36.3742684,127.3054428,대전광역시 유성구 지족동 1060-1,지족동,노은3동,0.878
15011,RAD02_240704113832_4851,1,0,36.3609688,127.3443927,대전광역시 유성구 궁동 481,궁동,온천2동,0.8699
15010,RAD02_240704110326_4512,1,0,36.3430638,127.3396858,대전광역시 유성구 봉명동 1058-2,봉명동,원신흥동,0.8531
15009,RAD02_240704110321_4492,1,0,36.3424997,127.3393408,대전광역시 유성구 상대동 498,상대동,상대동,0.8507
15008,RAD02_240704110200_4286,1,0,36.333173,127.3330209,대전광역시 유성구 원신흥동 608,원신흥동,원신흥동,0.8565
15007,RAD02_240704110004_4099,1,0,36.3319019,127.3329873,대전광역시 유성구 용계동 688,용계동,진잠동,0.8457
15006,RAD02_240704105909_0,1,0,36.3281217,127.3329672,대전광역시 유성구 용계동 688,용계동,진잠동,0.8652
15005,RAD02_240704104442_0,1,0,36.3525198,127.3409494,대전광역시 유성구 봉명동 1058,봉명동,온천1동,0.8474
15004,RAD02_240704100609_390,1,0,36.3957444,127.3561093,대전광역시 유성구 장동 371-5,장동,신성동,0.8445
14755,RAD02_240527154250_9765,1,0,36.3584422,127.3285623,대전광역시 유성구 장대동 245-2,장대동,온천1동,0.8708
14754,RAD02_240527154249_9749,1,0,36.3584593,127.3284702,대전광역시 유성구 장대동 245-2,장대동,온천1동,0.8529
14138,RAD02_240409142759_3058,1,0,36.4023514,127.4049624,대전광역시 유성구 전민동 464-3,전민동,전민동,₩0
14134,RAD02_240409142403_2473,1,0,36.3837508,127.4057375,대전광역시 유성구 원촌동 135-2,원촌동,전민동,₩0
13120,RAD02_240401141848_49002,1,0,36.4022822,127.4049634,대전광역시 유성구 전민동 464-3,전민동,전민동,₩0
13119,RAD02_240401141846_48988,1,0,36.402017,127.4049643,대전광역시 유성구 전민동 464-3,전민동,전민동,₩0
13043,RAD02_240329152906_35910,1,0,36.4266291,127.3902812,대전광역시 유성구 관평동 1286,관평동,관평동,₩0
13042,RAD02_240329151528_34736,1,0,36.4029268,127.4049911,대전광역시 유성구 전민동 464-3,전민동,전민동,₩0
13041,RAD02_240329151526_34728,1,0,36.4027533,127.4049766,대전광역시 유성구 전민동 464-3,전민동,전민동,₩0
12988,RAD02_240328105838_30246,1,0,36.3875609,127.4126874,대전광역시 대덕구 신대동 535,신대동,회덕동,₩0
12980,RAD02_240328105438_29936,1,0,36.4242042,127.4195913,대전광역시 대덕구 상서동 349-92,상서동,덕암동,₩0
12935,RAD02_240328095857_28766,1,0,36.3782141,127.4117965,대전광역시 대덕구 읍내동 505-23,읍내동,회덕동,₩0
12745,RAD02_240327102754_27601,1,0,36.3453794,127.3104462,대전광역시 유성구 복용동 629,복용동,학하동,₩0
12633,RAD02_240326163346_22155,1,0,36.3696129,127.3177991,대전광역시 유성구 노은동 583,노은동,노은1동,₩0
12573,RAD02_240326145134_15383,1,0,36.3544711,127.349895,대전광역시 유성구 봉명동 700,봉명동,온천1동,₩0
12544,RAD02_240326143835_0,1,0,36.3506871,127.3512544,대전광역시 서구 월평동 163-31,월평동,월평1동,₩0
12528,RAD02_240326143424_13517,1,0,36.3505692,127.3520311,대전광역시 서구 월평동 187-7,월평동,월평1동,₩0
7665,RAD02_240308111537_930,1,0,36.358436,127.3348513,대전광역시 유성구 장대동 277-6,장대동,온천2동,₩0
7129,RAD02_240306115506_0,1,0,36.361,127.3585,대전광역시 유성구 봉명동 1012-1,봉명동,온천1동,₩0
5203,RAD02_240228101634_16307,1,0,36.384061,127.4056165,대전광역시 유성구 원촌동 135-2,원촌동,전민동,₩0
5201,RAD02_240228101422_16154,1,0,36.3798687,127.4064632,대전광역시 유성구 원촌동 69-1,원촌동,전민동,₩0
5200,RAD02_240228101419_16115,1,0,36.379809,127.4064281,대전광역시 유성구 원촌동 69-1,원촌동,전민동,₩0
5199,RAD02_240228101409_16054,1,0,36.3784085,127.4056056,대전광역시 유성구 원촌동 64-2,원촌동,전민동,₩0
5198,RAD02_240228101409_16049,1,0,36.3784085,127.4056056,대전광역시 유성구 원촌동 64-2,원촌동,전민동,₩0
5197,RAD02_240228101300_15892,1,0,36.3745471,127.3941237,대전광역시 유성구 도룡동 8-59,도룡동,신성동,₩0
5013,RAD02_240227095921_14782,1,0,36.3524464,127.3408463,대전광역시 유성구 봉명동 1058,봉명동,온천1동,₩0
5012,RAD02_240227095542_0,1,0,36.3620423,127.3457862,대전광역시 유성구 궁동 220-9,궁동,온천2동,₩0
4966,RAD02_240226102953_12371,1,0,36.3613952,127.358222,대전광역시 유성구 어은동 262-1,어은동,온천1동,₩0
4965,RAD02_240226102950_12360,1,0,36.361094,127.358478,대전광역시 유성구 봉명동 1012,봉명동,온천1동,₩0
4964,RAD02_240226102950_12359,1,0,36.361094,127.358478,대전광역시 유성구 봉명동 1012,봉명동,온천1동,₩0
4963,RAD02_240226102943_12355,1,0,36.3604848,127.3588611,대전광역시 유성구 봉명동 1012-1,봉명동,온천1동,₩0
4897,RAD02_240226100846_10087,1,0,36.3518596,127.3311146,대전광역시 유성구 구암동 641,구암동,온천1동,₩0
4868,RAD02_240226094816_8325,1,0,36.3547853,127.3459129,대전광역시 유성구 봉명동 574,봉명동,온천1동,₩0
4844,RAD02_240226094450_7615,1,0,36.356549,127.3488122,대전광역시 유성구 봉명동 693,봉명동,온천1동,₩0
4810,RAD02_240223101328_5235,1,0,36.3696516,127.3269237,대전광역시 유성구 노은동 62-1,노은동,노은1동,₩0
4802,RAD02_240223095612_4167,1,0,36.387027,127.3163845,대전광역시 유성구 지족동 1001,지족동,노은3동,₩0
4800,RAD02_240223094957_3259,1,0,36.3667043,127.3319021,대전광역시 유성구 장대동 17-4,장대동,온천2동,₩0
4792,RAD02_240223093359_2112,1,0,36.3606478,127.3539029,대전광역시 유성구 봉명동 496-1,어은동,온천2동,₩0
4791,RAD02_240223093359_2110,1,0,36.3606478,127.3539029,대전광역시 유성구 봉명동 496-1,어은동,온천2동,₩0
4772,RAD02_240222140946_635,1,0,36.3742856,127.3911391,대전광역시 유성구 도룡동 465-1,도룡동,신성동,₩0
4771,RAD02_240222140946_634,1,0,36.3742856,127.3911391,대전광역시 유성구 도룡동 465-1,도룡동,신성동,₩0
3502,RAD02_240214140526_1723,1,0,36.3881894,127.3332669,대전광역시 유성구 하기동 615,하기동,노은2동,₩0
3491,RAD02_240214135738_898,1,0,36.3927643,127.3259789,대전광역시 유성구 하기동 327-1,하기동,노은2동,₩0
3489,RAD02_240214135530_841,1,0,36.3910328,127.3369848,대전광역시 유성구 하기동 산 51-9,하기동,신성동,₩0
3483,RAD02_240214135342_776,1,0,36.3941172,127.3446528,대전광역시 유성구 자운동 290-7,자운동,신성동,₩0
3479,RAD02_240214135045_620,1,0,36.3955778,127.3485208,대전광역시 유성구 자운동 515-21,자운동,신성동,₩0
3478,RAD02_240214135044_597,1,0,36.3955099,127.3485887,대전광역시 유성구 자운동 515-21,자운동,신성동,₩0
3477,RAD02_240214135043_595,1,0,36.3954492,127.3486499,대전광역시 유성구 자운동 515-21,자운동,신성동,₩0
3475,RAD02_240214135042_578,1,0,36.3953998,127.3486909,대전광역시 유성구 자운동 515-21,자운동,신성동,₩0
15003,RAD01_240703151031_0,1,0,36.3909688,127.4078729,대전광역시 유성구 문지동 661-3,문지동,전민동,0.7918
12867,RAD01_240327144553_14866,1,0,36.3792173,127.3914606,대전광역시 유성구 도룡동 3-6,도룡동,신성동,₩0
12866,RAD01_240327144552_14853,1,0,36.3792141,127.3915638,대전광역시 유성구 도룡동 3-6,도룡동,신성동,₩0
12865,RAD01_240327144329_14273,1,0,36.3792151,127.4059778,대전광역시 유성구 원촌동 69-1,원촌동,전민동,₩0
12864,RAD01_240327144328_14272,1,0,36.3793187,127.4060377,대전광역시 유성구 원촌동 69-1,원촌동,전민동,₩0
12846,RAD01_240327143252_13759,1,0,36.4196381,127.4062224,대전광역시 유성구 탑립동 709,탑립동,관평동,₩0
12845,RAD01_240327143251_13753,1,0,36.4197228,127.4061367,대전광역시 유성구 탑립동 709,탑립동,관평동,₩0
12792,RAD01_240327133535_12473,1,0,36.418896,127.4068522,대전광역시 유성구 탑립동 709,탑립동,관평동,₩0
12789,RAD01_240327133507_12273,1,0,36.4154218,127.4069884,대전광역시 유성구 탑립동 945,탑립동,관평동,₩0
12788,RAD01_240327133506_12252,1,0,36.4152964,127.4069839,대전광역시 유성구 탑립동 945,탑립동,관평동,₩0
12787,RAD01_240327133505_12145,1,0,36.4151682,127.4069794,대전광역시 유성구 탑립동 945,탑립동,관평동,₩0
12715,RAD01_240327101709_10845,1,0,36.3857,127.3740912,대전광역시 유성구 도룡동 404,도룡동,신성동,₩0
12707,RAD01_240327101222_10545,1,0,36.3911208,127.3943992,대전광역시 유성구 문지동 103-15,문지동,전민동,₩0
12661,RAD01_240327082340_9527,1,0,36.3925597,127.3577184,대전광역시 유성구 장동 157-4,장동,신성동,₩0
12148,RAD01_240325154238_7763,1,0,36.3899565,127.3234034,대전광역시 유성구 하기동 603,하기동,노은2동,₩0
12051,RAD01_240325150209_6906,1,0,36.395202,127.356339,대전광역시 유성구 장동 372-2,장동,신성동,₩0
12040,RAD01_240325150038_6667,1,0,36.3911762,127.3619431,대전광역시 유성구 장동 23-9,장동,신성동,₩0
12037,RAD01_240325150004_6592,1,0,36.3894721,127.3626184,대전광역시 유성구 장동 산 15-2,장동,신성동,₩0
12036,RAD01_240325145939_6537,1,0,36.3873068,127.3630088,대전광역시 유성구 장동 산 17-45,장동,신성동,₩0
11772,RAD01_240325081131_5021,1,0,36.3893356,127.3470274,대전광역시 유성구 하기동 18-15,하기동,신성동,₩0
11738,RAD01_240325075411_0,1,0,36.3901065,127.3990975,대전광역시 유성구 문지동 103-15,문지동,전민동,₩0
11599,RAD01_240323075822_3818,1,0,36.3930189,127.3573133,대전광역시 유성구 장동 산 29-3,장동,신성동,₩0
11592,RAD01_240323075624_3573,1,0,36.3858781,127.3635219,대전광역시 유성구 장동 62-2,장동,신성동,₩0
11587,RAD01_240323074447_3403,1,0,36.3910911,127.3947548,대전광역시 유성구 문지동 103-15,문지동,전민동,₩0
11586,RAD01_240323074445_3381,1,0,36.391057,127.3950194,대전광역시 유성구 문지동 103-15,문지동,전민동,₩0
11583,RAD01_240323074413_3331,1,0,36.3900728,127.3987461,대전광역시 유성구 문지동 103-15,문지동,전민동,₩0
11580,RAD01_240323073857_3061,1,0,36.3995845,127.4045237,대전광역시 유성구 전민동 394-16,전민동,전민동,₩0
11577,RAD01_240323073826_2962,1,0,36.399643,127.4015971,대전광역시 유성구 전민동 533-11,전민동,전민동,₩0
11576,RAD01_240323073739_2906,1,0,36.3996525,127.3987856,대전광역시 유성구 전민동 491-3,전민동,전민동,₩0
11575,RAD01_240323073727_0,1,0,36.3997696,127.3979761,대전광역시 유성구 전민동 898,전민동,전민동,₩0
11428,RAD01_240322152939_2213,1,0,36.387108,127.3505024,대전광역시 유성구 신성동 475,신성동,신성동,₩0
11424,RAD01_240322152746_2043,1,0,36.3857303,127.3558174,대전광역시 유성구 신성동 산 5-7,신성동,신성동,₩0
11287,RAD01_240322093157_439,1,0,36.4208759,127.4039766,대전광역시 유성구 용산동 604,용산동,관평동,₩0
11286,RAD01_240322093142_403,1,0,36.4214704,127.4026629,대전광역시 유성구 용산동 604,용산동,관평동,₩0
11278,RAD01_240322092911_191,1,0,36.4249112,127.3926129,대전광역시 유성구 관평동 1290,관평동,관평동,₩0
10375,RAD01_240320093820_12868,1,0,36.3922475,127.3587365,대전광역시 유성구 장동 130-3,장동,신성동,₩0
10376,RAD01_240320093819_12853,1,0,36.3922296,127.3588506,대전광역시 유성구 장동 130-3,장동,신성동,₩0
10328,RAD01_240320092722_12174,1,0,36.3910881,127.3948549,대전광역시 유성구 문지동 103-15,문지동,전민동,₩0
10029,RAD01_240320055803_9419,1,0,36.3848429,127.3510374,대전광역시 유성구 신성동 281-5,신성동,신성동,₩0
10028,RAD01_240320055802_9418,1,0,36.3848228,127.3509067,대전광역시 유성구 신성동 281-5,신성동,신성동,₩0
10018,RAD01_240320055355_9318,1,0,36.3909886,127.3306357,대전광역시 유성구 하기동 603,하기동,노은2동,₩0
10019,RAD01_240320055354_9317,1,0,36.3910012,127.3305439,대전광역시 유성구 하기동 603,하기동,노은2동,₩0
9931,RAD01_240319155427_8014,1,0,36.3936771,127.3526641,대전광역시 유성구 신성동 549,신성동,신성동,₩0
9917,RAD01_240319154911_7784,1,0,36.3921808,127.3594782,대전광역시 유성구 장동 132-4,장동,신성동,₩0
9906,RAD01_240319154552_7497,1,0,36.3855304,127.3726614,대전광역시 유성구 도룡동 451-3,도룡동,신성동,₩0
9905,RAD01_240319154539_7457,1,0,36.3856633,127.3736714,대전광역시 유성구 도룡동 404-2,도룡동,신성동,₩0
9901,RAD01_240319154432_7427,1,0,36.3858314,127.3784389,대전광역시 유성구 도룡동 404,도룡동,신성동,₩0
9890,RAD01_240319153833_7197,1,0,36.3911186,127.3948176,대전광역시 유성구 문지동 103-15,문지동,전민동,₩0
9889,RAD01_240319153832_7192,1,0,36.3911023,127.3949389,대전광역시 유성구 문지동 103-15,문지동,전민동,₩0
9873,RAD01_240319151450_6526,1,0,36.3964324,127.3993717,대전광역시 유성구 전민동 460-3,전민동,전민동,₩0
9872,RAD01_240319151450_6521,1,0,36.3964326,127.3994382,대전광역시 유성구 전민동 460-3,전민동,전민동,₩0
9869,RAD01_240319151437_6507,1,0,36.3964315,127.4001718,대전광역시 유성구 전민동 899,전민동,전민동,₩0
9863,RAD01_240319151148_6244,1,0,36.3996514,127.3967203,대전광역시 유성구 전민동 592-2,전민동,전민동,₩0
9862,RAD01_240319151147_6232,1,0,36.399652,127.3966426,대전광역시 유성구 전민동 592-2,전민동,전민동,₩0
9861,RAD01_240319151134_6179,1,0,36.3996712,127.3952989,대전광역시 유성구 전민동 816-1,전민동,전민동,₩0
9859,RAD01_240319151023_6022,1,0,36.4022654,127.3893074,대전광역시 유성구 전민동 891-2,전민동,전민동,₩0
9858,RAD01_240319151018_5962,1,0,36.4026827,127.3889824,대전광역시 유성구 전민동 652,전민동,전민동,₩0
9836,RAD01_240319145744_5095,1,0,36.4047305,127.4032464,대전광역시 유성구 전민동 791-19,전민동,전민동,₩0
9835,RAD01_240319145713_5054,1,0,36.4060332,127.4022221,대전광역시 유성구 전민동 산 5-15,전민동,전민동,₩0
9794,RAD01_240319143937_4217,1,0,36.4304734,127.3813687,대전광역시 유성구 송강동 168-2,송강동,구즉동,₩0
9795,RAD01_240319143936_4203,1,0,36.4305222,127.3813201,대전광역시 유성구 송강동 168-2,송강동,구즉동,₩0
9792,RAD01_240319143928_4152,1,0,36.4309749,127.3808247,대전광역시 유성구 송강동 168-2,송강동,구즉동,₩0
9791,RAD01_240319143927_4148,1,0,36.4310294,127.3807634,대전광역시 유성구 송강동 168-2,송강동,구즉동,₩0
9790,RAD01_240319143924_4143,1,0,36.4311989,127.3806103,대전광역시 유성구 송강동 산 4-43,송강동,구즉동,₩0
9789,RAD01_240319143923_4138,1,0,36.4312574,127.3805746,대전광역시 유성구 송강동 산 4-43,송강동,구즉동,₩0
9788,RAD01_240319143921_4102,1,0,36.4313738,127.3805199,대전광역시 유성구 송강동 산 4-43,송강동,구즉동,₩0
9787,RAD01_240319143920_4089,1,0,36.4314311,127.3804994,대전광역시 유성구 송강동 557,송강동,구즉동,₩0
9786,RAD01_240319143917_4061,1,0,36.4315894,127.3804762,대전광역시 유성구 송강동 557,송강동,구즉동,₩0
9606,RAD01_240319084029_2059,1,0,36.3910241,127.393457,대전광역시 유성구 문지동 103-15,문지동,전민동,₩0
7480,RAD01_240307154007_2940,1,0,36.3933696,127.3496206,대전광역시 유성구 자운동 24-7,자운동,신성동,₩0
7247,RAD01_240307061152_2290,1,0,36.4292721,127.3837399,대전광역시 유성구 송강동 556,송강동,구즉동,₩0
7137,RAD01_240306125014_478,1,0,36.4024763,127.3639047,대전광역시 유성구 장동 12-16,장동,신성동,₩0
7136,RAD01_240306125012_416,1,0,36.4022745,127.3636913,대전광역시 유성구 장동 12-16,장동,신성동,₩0
6920,RAD01_240306060211_856,1,0,36.3906541,127.3241497,대전광역시 유성구 하기동 603,하기동,노은2동,₩0
6516,RAD01_240304144329_3383,1,0,36.4060767,127.4021958,대전광역시 유성구 전민동 산 5-15,전민동,전민동,₩0
6286,RAD01_240304132951_0,1,0,36.4059062,127.4025676,대전광역시 유성구 전민동 산 5-15,전민동,전민동,₩0
6284,RAD01_240304132948_0,1,0,36.4057614,127.4028411,대전광역시 유성구 전민동 841-6,전민동,전민동,₩0
6027,RAD01_240301073023_5869,1,0,36.4046051,127.4029076,대전광역시 유성구 전민동 462-8,전민동,전민동,₩0
6026,RAD01_240301073023_0,1,0,36.4046051,127.4029076,대전광역시 유성구 전민동 462-8,전민동,전민동,₩0
5932,RAD01_240301055827_5418,1,0,36.3896765,127.3486262,대전광역시 유성구 신성동 468,신성동,신성동,₩0
5891,RAD01_240301055231_0,1,0,36.3879552,127.3224777,대전광역시 유성구 하기동 603,하기동,노은2동,₩0
5843,RAD01_240229144123_4532,1,0,36.3938585,127.3501996,대전광역시 유성구 자운동 515-22,자운동,신성동,₩0
5842,RAD01_240229144123_0,1,0,36.3938585,127.3501996,대전광역시 유성구 자운동 515-22,자운동,신성동,₩0
5841,RAD01_240229144122_4525,1,0,36.3939076,127.350262,대전광역시 유성구 자운동 515-22,자운동,신성동,₩0
5840,RAD01_240229144122_4522,1,0,36.3939076,127.350262,대전광역시 유성구 자운동 515-22,자운동,신성동,₩0
5839,RAD01_240229144122_0,1,0,36.3939076,127.350262,대전광역시 유성구 자운동 515-22,자운동,신성동,₩0
5809,RAD01_240229134400_2382,1,0,36.382227,127.4060594,대전광역시 유성구 원촌동 90,원촌동,전민동,₩0
5808,RAD01_240229134400_2381,1,0,36.382227,127.4060594,대전광역시 유성구 원촌동 90,원촌동,전민동,₩0
5807,RAD01_240229134359_2381,1,0,36.3823178,127.4060305,대전광역시 유성구 원촌동 90,원촌동,전민동,₩0
5806,RAD01_240229134358_2381,1,0,36.3824092,127.4060002,대전광역시 유성구 원촌동 90,원촌동,전민동,₩0
5802,RAD01_240229134343_0,1,0,36.383857,127.4055374,대전광역시 유성구 원촌동 135-2,원촌동,전민동,₩0
5801,RAD01_240229134342_0,1,0,36.3839528,127.405507,대전광역시 유성구 원촌동 135-2,원촌동,전민동,₩0
5772,RAD01_240229132942_0,1,0,36.3956141,127.4048789,대전광역시 유성구 문지동 258-3,문지동,전민동,₩0
5769,RAD01_240229132935_0,1,0,36.3961831,127.4048776,대전광역시 유성구 전민동 271-5,전민동,전민동,₩0
5765,RAD01_240229132932_1866,1,0,36.3964208,127.4048812,대전광역시 유성구 전민동 271-5,전민동,전민동,₩0
5766,RAD01_240229132932_0,1,0,36.3964208,127.4048812,대전광역시 유성구 전민동 271-5,전민동,전민동,₩0
5764,RAD01_240229132931_0,1,0,36.3964995,127.4048804,대전광역시 유성구 전민동 271-5,전민동,전민동,₩0
5751,RAD01_240229132900_0,1,0,36.399125,127.4048522,대전광역시 유성구 전민동 394-16,전민동,전민동,₩0
5750,RAD01_240229132859_0,1,0,36.399235,127.4048517,대전광역시 유성구 전민동 394-16,전민동,전민동,₩0
5703,RAD01_240229132133_0,1,0,36.4206394,127.4046069,대전광역시 유성구 용산동 604,용산동,관평동,₩0
5673,RAD01_240229131845_0,1,0,36.4238262,127.3940134,대전광역시 유성구 관평동 1288,관평동,관평동,₩0
5654,RAD01_240229131800_0,1,0,36.4262357,127.3915245,대전광역시 유성구 관평동 1286,관평동,관평동,₩0
5635,RAD01_240229131318_1121,1,0,36.4299492,127.3829869,대전광역시 유성구 송강동 556,송강동,구즉동,₩0
5634,RAD01_240229131318_1119,1,0,36.4299492,127.3829869,대전광역시 유성구 송강동 556,송강동,구즉동,₩0
5636,RAD01_240229131318_0,1,0,36.4299492,127.3829869,대전광역시 유성구 송강동 556,송강동,구즉동,₩0
5535,RAD01_240229123208_628,1,0,36.4266841,127.3852828,대전광역시 유성구 송강동 513,송강동,관평동,₩0
5522,RAD01_240229123100_0,1,0,36.4196966,127.3802026,대전광역시 유성구 덕진동 산 14-3,덕진동,관평동,₩0
5513,RAD01_240229123038_0,1,0,36.417917,127.3785369,대전광역시 유성구 관평동 657-1,관평동,관평동,₩0
5497,RAD01_240229122530_0,1,0,36.3989113,127.3583179,대전광역시 유성구 장동 202-10,장동,신성동,₩0
5495,RAD01_240229122524_0,1,0,36.3984571,127.3574104,대전광역시 유성구 장동 364-4,장동,신성동,₩0
5489,RAD01_240229122518_0,1,0,36.3980075,127.3565902,대전광역시 유성구 장동 419-1,장동,신성동,₩0
5469,RAD01_240229103554_0,1,0,36.3946284,127.3494326,대전광역시 유성구 자운동 515-21,자운동,신성동,₩0
5453,RAD01_240228155127_8755,1,0,36.3832251,127.3228831,대전광역시 유성구 죽동 630,죽동,노은2동,₩0
5452,RAD01_240228155127_8734,1,0,36.3832251,127.3228831,대전광역시 유성구 죽동 630,죽동,노은2동,₩0
5450,RAD01_240228155126_8735,1,0,36.3832674,127.3228578,대전광역시 유성구 죽동 630,죽동,노은2동,₩0
5451,RAD01_240228155126_0,1,0,36.3832674,127.3228578,대전광역시 유성구 죽동 630,죽동,노은2동,₩0
5443,RAD01_240228155107_0,1,0,36.3840117,127.3223719,대전광역시 유성구 하기동 585,하기동,노은2동,₩0
5432,RAD01_240228155051_0,1,0,36.3846796,127.3217723,대전광역시 유성구 하기동 585,하기동,노은2동,₩0
5431,RAD01_240228155048_8601,1,0,36.3847894,127.3216508,대전광역시 유성구 하기동 585,하기동,노은2동,₩0
5429,RAD01_240228155047_8590,1,0,36.3848241,127.3216116,대전광역시 유성구 하기동 585,하기동,노은2동,₩0
5430,RAD01_240228155047_0,1,0,36.3848241,127.3216116,대전광역시 유성구 하기동 585,하기동,노은2동,₩0
5418,RAD01_240228154955_0,1,0,36.3855952,127.3210021,대전광역시 유성구 하기동 576,하기동,노은2동,₩0
5417,RAD01_240228154954_0,1,0,36.3856895,127.3210416,대전광역시 유성구 하기동 576,하기동,노은2동,₩0
5400,RAD01_240228154449_8373,1,0,36.3871151,127.3253464,대전광역시 유성구 하기동 598,하기동,노은2동,₩0
5399,RAD01_240228154447_8371,1,0,36.3871202,127.3254328,대전광역시 유성구 하기동 598,하기동,노은2동,₩0
5398,RAD01_240228154447_0,1,0,36.3871202,127.3254328,대전광역시 유성구 하기동 598,하기동,노은2동,₩0
5387,RAD01_240228153839_0,1,0,36.3915143,127.327846,대전광역시 유성구 하기동 603,하기동,노은2동,₩0
5366,RAD01_240228153126_0,1,0,36.3854999,127.3579175,대전광역시 유성구 신성동 421,신성동,신성동,₩0
5365,RAD01_240228153125_0,1,0,36.3854789,127.3580382,대전광역시 유성구 신성동 421,신성동,신성동,₩0
5363,RAD01_240228153123_0,1,0,36.3854381,127.3582719,대전광역시 유성구 신성동 420-26,신성동,신성동,₩0
5331,RAD01_240228145542_7141,1,0,36.4005483,127.3614934,대전광역시 유성구 장동 393-10,장동,신성동,₩0
5328,RAD01_240228145528_6994,1,0,36.4018474,127.3630709,대전광역시 유성구 장동 242-7,장동,신성동,₩0
5322,RAD01_240228145526_6970,1,0,36.402108,127.3633649,대전광역시 유성구 장동 12-16,장동,신성동,₩0
5324,RAD01_240228145525_6865,1,0,36.402108,127.3633649,대전광역시 유성구 장동 12-16,장동,신성동,₩0
5323,RAD01_240228145525_0,1,0,36.402108,127.3633649,대전광역시 유성구 장동 12-16,장동,신성동,₩0
5305,RAD01_240228145513_0,1,0,36.4031048,127.3644805,대전광역시 유성구 장동 산 1-17,장동,신성동,₩0
5301,RAD01_240228145453_0,1,0,36.4050936,127.3667867,대전광역시 유성구 방현동 46-3,방현동,신성동,₩0
5300,RAD01_240228145452_0,1,0,36.405175,127.3669247,대전광역시 유성구 방현동 52-2,방현동,신성동,₩0
5297,RAD01_240228145433_0,1,0,36.4061274,127.3699225,대전광역시 유성구 방현동 386,방현동,신성동,₩0
5292,RAD01_240228145411_0,1,0,36.4069627,127.3732369,대전광역시 유성구 방현동 9-12,방현동,신성동,₩0
5290,RAD01_240228145410_0,1,0,36.4070017,127.3733759,대전광역시 유성구 방현동 9-12,방현동,신성동,₩0
5289,RAD01_240228145407_0,1,0,36.40712,127.3737935,대전광역시 유성구 방현동 349,방현동,신성동,₩0
5281,RAD01_240228145248_0,1,0,36.4128809,127.3781164,대전광역시 유성구 화암동 120-3,화암동,신성동,₩0
5233,RAD01_240228123450_0,1,0,36.3842919,127.3641628,대전광역시 유성구 가정동 산 16-5,가정동,신성동,₩0
5232,RAD01_240228123449_0,1,0,36.3843426,127.3640941,대전광역시 유성구 가정동 산 16-5,가정동,신성동,₩0
5226,RAD01_240228123320_0,1,0,36.3868535,127.3630185,대전광역시 유성구 장동 산 17-45,장동,신성동,₩0
5169,RAD01_240228100628_0,1,0,36.3893236,127.3448486,대전광역시 유성구 하기동 20-7,하기동,신성동,₩0
5168,RAD01_240228100627_0,1,0,36.3891955,127.3447508,대전광역시 유성구 하기동 26-3,하기동,신성동,₩0
5165,RAD01_240228100553_0,1,0,36.3849861,127.3433102,대전광역시 유성구 신성동 산 26-8,신성동,신성동,₩0
5160,RAD01_240228100328_0,1,0,36.3863707,127.3388738,대전광역시 유성구 하기동 148-12,하기동,신성동,₩0
5138,RAD01_240228100056_454,1,0,36.3891324,127.3230918,대전광역시 유성구 하기동 603,하기동,노은2동,₩0
5098,RAD01_240228095637_0,1,0,36.3772019,127.3179964,대전광역시 유성구 지족동 946,지족동,노은2동,₩0
5044,RAD01_240228095347_0,1,0,36.3708335,127.3179467,대전광역시 유성구 노은동 583,노은동,노은1동,₩0
5042,RAD01_240228095346_104,1,0,36.3707234,127.3179481,대전광역시 유성구 노은동 583,노은동,노은1동,₩0
5043,RAD01_240228095346_0,1,0,36.3707234,127.3179481,대전광역시 유성구 노은동 583,노은동,노은1동,₩0
5039,RAD01_240228095345_0,1,0,36.3706104,127.3179487,대전광역시 유성구 노은동 583,노은동,노은1동,₩0
5038,RAD01_240228095344_74,1,0,36.3704938,127.3179494,대전광역시 유성구 노은동 583,노은동,노은1동,₩0
5037,RAD01_240228095344_0,1,0,36.3704938,127.3179494,대전광역시 유성구 노은동 583,노은동,노은1동,₩0
5035,RAD01_240228095338_56,1,0,36.3698051,127.3179408,대전광역시 유성구 노은동 583,노은동,노은1동,₩0
5036,RAD01_240228095338_0,1,0,36.3698051,127.3179408,대전광역시 유성구 노은동 583,노은동,노은1동,₩0
5029,RAD01_240228095320_0,1,0,36.3680735,127.317937,대전광역시 유성구 노은동 583,노은동,노은1동,₩0
5028,RAD01_240228095318_25,1,0,36.3679095,127.3179348,대전광역시 유성구 노은동 583,노은동,노은1동,₩0
4663,RAD01_240219105316_0,1,0,36.314643,127.2845264,대전광역시 유성구 성북동 663-3,성북동,진잠동,₩0
4633,RAD01_240219105109_0,1,0,36.3064217,127.2916407,대전광역시 유성구 성북동 731,성북동,진잠동,₩0
4544,RAD01_240219104725_2461,1,0,36.2892073,127.3042381,대전광역시 유성구 방동 산 5-6,방동,진잠동,₩0
4503,RAD01_240219104141_2309,1,0,36.2853379,127.310041,대전광역시 유성구 방동 19-25,방동,진잠동,₩0
4502,RAD01_240219104141_0,1,0,36.2853379,127.310041,대전광역시 유성구 방동 19-25,방동,진잠동,₩0
4434,RAD01_240219103318_1679,1,0,36.3242027,127.312385,대전광역시 유성구 용계동 402-11,용계동,진잠동,₩0
4426,RAD01_240219103208_0,1,0,36.3310185,127.31368,대전광역시 유성구 용계동 384-3,용계동,진잠동,₩0
4404,RAD01_240219103007_1358,1,0,36.3475661,127.3253124,대전광역시 유성구 구암동 225-4,구암동,온천1동,₩0
4392,RAD01_240219102749_988,1,0,36.3570298,127.3314584,대전광역시 유성구 구암동 527-66,구암동,온천1동,₩0
4388,RAD01_240219102657_862,1,0,36.358133,127.3308762,대전광역시 유성구 장대동 214-1,장대동,온천2동,₩0
3410,RAD01_240213154015_910,1,0,36.3578351,127.3393027,대전광역시 유성구 장대동 371,장대동,온천2동,₩0
3409,RAD01_240213154014_910,1,0,36.3578354,127.3393284,대전광역시 유성구 장대동 371,장대동,온천2동,₩0
3405,RAD01_240213153936_834,1,0,36.3585467,127.3395623,대전광역시 유성구 장대동 373,장대동,온천2동,₩0
2855,RAD01_240123131531_778,1,0,36.3947283,127.4064311,대전광역시 유성구 문지동 668,문지동,전민동,₩0
2852,RAD01_240123131442_0,1,0,36.3947396,127.4063573,대전광역시 유성구 문지동 636-5,문지동,전민동,₩0
2847,RAD01_240123131440_0,1,0,36.3947369,127.4064668,대전광역시 유성구 문지동 636-5,문지동,전민동,₩0
2757,RAD01_240119164934_757,1,0,36.3947088,127.4063607,대전광역시 유성구 문지동 668,문지동,전민동,₩0
2755,RAD01_240119164934_756,1,0,36.3947088,127.4063607,대전광역시 유성구 문지동 668,문지동,전민동,₩0
2659,RAD01_240119163629_608,1,0,36.4277407,127.3877235,대전광역시 유성구 관평동 1286,관평동,관평동,₩0
2655,RAD01_240119163618_0,1,0,36.4278992,127.387323,대전광역시 유성구 관평동 1286,관평동,관평동,₩0
2614,RAD01_240119162611_0,1,0,36.3987826,127.3580054,대전광역시 유성구 장동 202-11,장동,신성동,₩0
2613,RAD01_240119162610_0,1,0,36.398713,127.3578639,대전광역시 유성구 장동 202-11,장동,신성동,₩0
2603,RAD01_240119162357_441,1,0,36.384627,127.3434593,대전광역시 유성구 신성동 산 26-12,신성동,신성동,₩0
